EmpID,EmployeeNumber,Age,AgeGroup,Gender,Department,JobRole,Attrition,Attrition_Flag,MonthlyIncome,SalarySlab,TotalWorkingYears,YearsAtCompany,YearsInCurrentRole,YearsSinceLastPromotion,YearsWithCurrManager,OverTime,JobSatisfaction,EnvironmentSatisfaction,JobInvolvement,WorkLifeBalance,BusinessTravel,MaritalStatus,DistanceFromHome,Education,EducationField,NumCompaniesWorked,StockOptionLevel,PercentSalaryHike,PerformanceRating,RelationshipSatisfaction,DailyRate,HourlyRate,MonthlyRate,TrainingTimesLastYear,JobLevel
RM297,405,18,18-25,Male,Research & Development,Laboratory Technician,Yes,1,1420,Upto 5k,0,0,0,0,0.0,No,3,3,3,3,Travel_Rarely,Single,3,3,Life Sciences,1,0,13,3,3,230,54,25233,2,1
RM302,411,18,18-25,Female,Sales,Sales Representative,No,0,1200,Upto 5k,0,0,0,0,0.0,No,3,4,2,3,Travel_Rarely,Single,10,3,Medical,1,0,12,3,1,812,69,9724,2,1
RM458,614,18,18-25,Male,Sales,Sales Representative,Yes,1,1878,Upto 5k,0,0,0,0,0.0,Yes,2,2,3,3,Travel_Frequently,Single,5,3,Marketing,1,0,14,3,4,1306,69,8059,3,1
RM728,1012,18,18-25,Male,Research & Development,Research Scientist,No,0,1051,Upto 5k,0,0,0,0,0.0,No,4,2,3,3,Non-Travel,Single,5,2,Life Sciences,1,0,15,3,4,287,73,13493,2,1
RM829,1156,18,18-25,Male,Research & Development,Laboratory Technician,Yes,1,1904,Upto 5k,0,0,0,0,0.0,No,3,3,3,3,Non-Travel,Single,8,1,Medical,1,0,12,3,4,247,80,13556,0,1
RM973,1368,18,18-25,Female,Research & Development,Laboratory Technician,No,0,1611,Upto 5k,0,0,0,0,0.0,No,4,4,3,4,Non-Travel,Single,1,3,Life Sciences,1,0,15,3,3,1124,97,19305,5,1
RM1154,1624,18,18-25,Female,Sales,Sales Representative,Yes,1,1569,Upto 5k,0,0,0,0,0.0,Yes,4,2,3,4,Travel_Frequently,Single,3,2,Medical,1,0,12,3,3,544,70,18420,2,1
RM1312,1839,18,18-25,Female,Research & Development,Research Scientist,No,0,1514,Upto 5k,0,0,0,0,0.0,No,3,2,3,1,Non-Travel,Single,14,3,Medical,1,0,16,3,3,1431,33,8018,4,1
RM128,167,19,18-25,Male,Sales,Sales Representative,Yes,1,1675,Upto 5k,0,0,0,0,0.0,Yes,3,4,3,2,Travel_Rarely,Single,22,1,Marketing,1,0,19,3,4,528,50,26820,2,1
RM150,201,19,18-25,Female,Research & Development,Laboratory Technician,No,0,1483,Upto 5k,1,1,0,0,0.0,No,2,2,3,3,Travel_Rarely,Single,3,1,Medical,1,0,14,3,4,1181,79,16102,3,1
RM172,235,19,18-25,Female,Sales,Sales Representative,Yes,1,2325,Upto 5k,1,0,0,0,0.0,No,1,3,1,4,Travel_Frequently,Single,1,1,Technical Degree,0,0,21,4,1,602,100,20989,5,1
RM178,243,19,18-25,Male,Research & Development,Laboratory Technician,Yes,1,1102,Upto 5k,1,1,0,1,0.0,No,4,2,2,2,Travel_Rarely,Single,2,3,Life Sciences,1,0,22,4,3,303,47,9241,3,1
RM423,566,19,18-25,Male,Human Resources,Human Resources,Yes,1,2564,Upto 5k,1,1,0,0,0.0,No,4,1,2,4,Travel_Rarely,Single,2,2,Technical Degree,1,0,12,3,3,489,52,18437,3,1
RM689,959,19,18-25,Male,Sales,Sales Representative,Yes,1,2121,Upto 5k,1,1,0,0,0.0,Yes,2,4,2,4,Travel_Rarely,Single,21,3,Other,1,0,13,3,2,419,37,9947,3,1
RM854,1193,19,18-25,Male,Research & Development,Research Scientist,No,0,2552,Upto 5k,1,1,1,0,0.0,No,1,3,3,3,Travel_Rarely,Single,9,2,Life Sciences,1,0,25,4,3,645,54,7172,4,1
RM893,1248,19,18-25,Female,Research & Development,Research Scientist,Yes,1,1859,Upto 5k,1,1,1,0,0.0,Yes,2,1,2,4,Non-Travel,Single,10,3,Medical,1,0,25,4,2,504,96,6148,2,1
RM910,1269,19,18-25,Female,Research & Development,Research Scientist,No,0,2994,Upto 5k,1,1,0,0,1.0,Yes,4,2,4,3,Travel_Rarely,Single,25,3,Life Sciences,1,0,12,3,4,265,57,21221,2,1
RM103,137,20,18-25,Female,Research & Development,Laboratory Technician,Yes,1,2926,Upto 5k,1,1,0,1,0.0,Yes,4,4,2,3,Travel_Frequently,Single,6,3,Life Sciences,1,0,18,3,2,871,66,19783,5,1
RM488,657,20,18-25,Female,Research & Development,Research Scientist,No,0,2836,Upto 5k,1,1,0,0,0.0,No,2,4,2,4,Travel_Rarely,Single,1,3,Life Sciences,1,0,13,3,4,959,83,11757,0,1
RM514,701,20,18-25,Male,Research & Development,Research Scientist,Yes,1,1009,Upto 5k,1,1,0,1,1.0,Yes,3,4,3,3,Travel_Rarely,Single,10,1,Medical,1,0,11,3,4,1362,32,26999,5,1
RM663,922,20,18-25,Female,Sales,Sales Representative,Yes,1,2044,Upto 5k,2,2,2,0,2.0,No,3,3,2,2,Travel_Rarely,Single,2,3,Medical,1,0,13,3,4,500,49,22052,3,1
RM690,960,20,18-25,Male,Research & Development,Laboratory Technician,Yes,1,2973,Upto 5k,1,1,0,0,0.0,No,1,1,3,3,Travel_Rarely,Single,4,3,Technical Degree,1,0,19,3,2,129,84,13008,2,1
RM732,1016,20,18-25,Female,Research & Development,Research Scientist,Yes,1,2600,Upto 5k,1,1,0,0,0.0,Yes,1,4,2,3,Travel_Rarely,Single,11,3,Medical,1,0,15,3,1,1097,98,18275,2,1
RM777,1077,20,18-25,Female,Sales,Sales Representative,Yes,1,2323,Upto 5k,2,2,2,0,2.0,Yes,4,4,3,3,Travel_Frequently,Single,9,3,Marketing,1,0,14,3,2,769,54,17205,3,1
RM857,1198,20,18-25,Male,Research & Development,Laboratory Technician,No,0,3033,Upto 5k,2,2,2,1,2.0,No,3,1,2,2,Travel_Rarely,Single,3,3,Life Sciences,1,0,12,3,1,805,87,12828,2,1
RM877,1226,20,18-25,Male,Sales,Sales Representative,No,0,2678,Upto 5k,2,2,1,2,2.0,No,4,3,4,3,Travel_Rarely,Single,21,3,Marketing,1,0,17,3,4,654,43,5050,2,1
RM1179,1657,20,18-25,Female,Sales,Sales Representative,No,0,2783,Upto 5k,2,2,2,2,2.0,No,3,3,3,3,Travel_Rarely,Single,2,3,Medical,1,0,19,3,1,1141,31,13251,3,1
RM1198,1680,20,18-25,Male,Sales,Sales Representative,No,0,2728,Upto 5k,2,2,2,0,2.0,No,1,4,3,3,Travel_Rarely,Single,9,1,Life Sciences,1,0,11,3,1,727,54,21082,3,1
RM024,30,21,18-25,Male,Research & Development,Research Scientist,No,0,1232,Upto 5k,0,0,0,0,3.0,No,4,3,3,3,Travel_Rarely,Single,15,2,Life Sciences,1,0,14,3,4,391,96,19281,6,1
RM275,379,21,18-25,Male,Research & Development,Research Scientist,No,0,3230,Upto 5k,3,3,2,1,0.0,No,3,4,2,4,Travel_Rarely,Single,3,2,Medical,1,0,17,3,1,996,100,10531,4,1
RM358,478,21,18-25,Female,Sales,Sales Representative,Yes,1,2174,Upto 5k,3,3,2,1,2.0,Yes,2,1,2,3,Travel_Frequently,Single,1,1,Technical Degree,1,0,11,3,3,756,99,9150,3,1
RM363,484,21,18-25,Male,Sales,Sales Representative,No,0,2610,Upto 5k,3,3,2,2,3.0,No,4,1,3,2,Non-Travel,Single,9,2,Medical,1,0,24,4,3,895,39,2851,3,1
RM371,494,21,18-25,Female,Sales,Sales Representative,Yes,1,2716,Upto 5k,1,1,0,0,0.0,No,2,3,4,3,Travel_Rarely,Single,12,3,Life Sciences,1,0,15,3,4,156,90,25422,0,1
RM497,669,21,18-25,Male,Sales,Sales Representative,No,0,3447,Upto 5k,3,3,2,1,2.0,No,3,3,3,3,Travel_Rarely,Single,22,1,Technical Degree,1,0,11,3,3,1343,49,24444,2,1
RM664,923,21,18-25,Female,Research & Development,Research Scientist,Yes,1,2693,Upto 5k,1,1,0,0,0.0,No,4,4,3,2,Travel_Rarely,Single,18,1,Other,1,0,19,3,1,1427,65,8870,3,1
RM778,1079,21,18-25,Female,Research & Development,Laboratory Technician,Yes,1,1416,Upto 5k,1,1,0,1,0.0,No,1,3,2,2,Travel_Rarely,Single,10,3,Life Sciences,1,0,13,3,1,1334,36,17258,6,1
RM816,1131,21,18-25,Female,Research & Development,Research Scientist,No,0,2070,Upto 5k,2,2,2,2,2.0,Yes,2,4,2,4,Travel_Rarely,Single,1,1,Technical Degree,1,0,11,3,3,984,70,25326,6,1
RM916,1279,21,18-25,Female,Research & Development,Laboratory Technician,Yes,1,2625,Upto 5k,2,2,2,2,2.0,No,3,1,2,1,Travel_Frequently,Single,10,2,Life Sciences,1,0,20,4,3,251,45,25308,2,1
RM1153,1623,21,18-25,Male,Research & Development,Research Scientist,No,0,3117,Upto 5k,3,2,2,2,2.0,No,4,3,3,3,Travel_Rarely,Single,5,1,Medical,1,0,18,3,3,546,97,26009,2,1
RM1272,1780,21,18-25,Male,Sales,Sales Representative,Yes,1,2679,Upto 5k,1,1,0,1,0.0,No,2,2,3,3,Travel_Rarely,Single,7,1,Marketing,1,0,13,3,2,337,31,4567,3,1
RM1437,2021,21,18-25,Male,Sales,Sales Representative,No,0,2380,Upto 5k,2,2,2,1,2.0,Yes,1,3,3,3,Travel_Rarely,Single,5,1,Medical,1,0,11,3,4,501,58,25479,6,1
RM018,22,22,18-25,Male,Research & Development,Laboratory Technician,No,0,2935,Upto 5k,1,1,0,0,0.0,Yes,4,4,4,2,Non-Travel,Divorced,16,2,Medical,1,2,13,3,2,1123,96,7324,2,1
RM110,144,22,18-25,Female,Research & Development,Laboratory Technician,No,0,2871,Upto 5k,1,0,0,0,0.0,No,4,2,3,3,Travel_Rarely,Single,15,3,Medical,1,0,15,3,3,534,59,23785,5,1
RM129,169,22,18-25,Male,Research & Development,Laboratory Technician,No,0,2523,Upto 5k,3,2,1,2,1.0,No,4,3,3,3,Travel_Rarely,Married,2,1,Technical Degree,0,1,14,3,3,594,100,19299,2,1
RM161,217,22,18-25,Male,Research & Development,Research Scientist,No,0,2323,Upto 5k,2,2,2,2,2.0,No,4,3,3,3,Travel_Rarely,Married,19,1,Medical,1,2,24,4,1,1256,80,11992,6,1
RM207,284,22,18-25,Male,Research & Development,Research Scientist,No,0,2328,Upto 5k,4,4,2,2,3.0,Yes,2,4,4,2,Travel_Rarely,Divorced,5,3,Life Sciences,1,1,16,3,1,1136,60,12392,2,1
RM384,511,22,18-25,Female,Research & Development,Research Scientist,No,0,2244,Upto 5k,2,2,1,1,2.0,No,2,1,3,3,Travel_Rarely,Married,11,3,Medical,1,1,13,3,4,253,43,24440,1,1
RM444,593,22,18-25,Male,Research & Development,Laboratory Technician,Yes,1,3894,Upto 5k,4,2,2,1,2.0,No,3,3,2,3,Travel_Frequently,Single,4,1,Technical Degree,5,0,16,3,3,1368,99,9129,3,1
RM499,675,22,18-25,Male,Research & Development,Research Scientist,No,0,2773,Upto 5k,3,2,2,2,2.0,No,3,1,3,3,Travel_Rarely,Married,6,1,Medical,0,0,20,4,4,604,69,12145,3,1
RM631,872,22,18-25,Male,Research & Development,Manufacturing Director,No,0,4775,Upto 5k,4,2,2,2,2.0,No,4,4,2,1,Travel_Rarely,Married,1,2,Life Sciences,6,2,22,4,1,1230,33,19146,2,2
RM667,926,22,18-25,Female,Research & Development,Manufacturing Director,Yes,1,4171,Upto 5k,4,3,2,0,2.0,Yes,3,2,3,4,Travel_Rarely,Married,3,1,Life Sciences,0,1,19,3,1,617,34,10022,3,2
RM735,1019,22,18-25,Male,Research & Development,Laboratory Technician,No,0,2451,Upto 5k,4,4,3,1,1.0,No,1,2,1,2,Travel_Rarely,Married,8,1,Life Sciences,1,1,15,3,1,217,94,6881,3,1
RM861,1203,22,18-25,Male,Research & Development,Research Scientist,Yes,1,2853,Upto 5k,1,0,0,0,0.0,Yes,4,3,2,3,Travel_Frequently,Married,3,4,Life Sciences,0,1,11,3,2,1256,48,4223,5,1
RM1138,1605,22,18-25,Female,Research & Development,Research Scientist,No,0,2814,Upto 5k,4,4,2,1,3.0,Yes,3,2,2,2,Non-Travel,Married,26,2,Other,1,0,14,3,2,457,85,10293,2,1
RM1274,1783,22,18-25,Female,Research & Development,Laboratory Technician,Yes,1,2398,Upto 5k,1,1,0,0,0.0,Yes,1,3,3,3,Travel_Rarely,Married,8,1,Medical,1,0,17,3,3,1294,79,15999,6,1
RM1340,1878,22,18-25,Male,Research & Development,Research Scientist,Yes,1,2472,Upto 5k,1,1,0,0,0.0,Yes,2,4,3,3,Travel_Rarely,Single,7,1,Life Sciences,1,0,23,4,1,391,75,26092,2,1
RM1424,2007,22,18-25,Male,Research & Development,Research Scientist,No,0,3375,Upto 5k,4,3,2,1,2.0,No,3,4,3,4,Travel_Rarely,Single,1,2,Life Sciences,0,0,12,3,4,581,63,17624,2,1
RM087,113,23,18-25,Male,Sales,Sales Representative,No,0,2322,Upto 5k,3,0,0,0,0.0,No,1,3,3,3,Travel_Rarely,Divorced,2,1,Technical Degree,3,1,13,3,3,541,62,9518,3,1
RM346,465,23,18-25,Male,Research & Development,Research Scientist,No,0,2904,Upto 5k,4,4,2,0,2.0,No,4,3,3,2,Travel_Rarely,Divorced,26,1,Life Sciences,1,2,12,3,3,1309,83,16092,2,1
RM517,705,23,18-25,Male,Research & Development,Research Scientist,No,0,2819,Upto 5k,5,3,2,0,2.0,No,1,1,4,4,Travel_Rarely,Married,4,3,Medical,2,1,16,3,1,885,58,8544,3,1
RM551,758,23,18-25,Male,Research & Development,Laboratory Technician,No,0,2500,Upto 5k,5,4,3,0,2.0,No,1,2,3,4,Travel_Rarely,Married,9,1,Medical,1,1,14,3,4,650,37,4344,2,1
RM566,784,23,18-25,Male,Research & Development,Research Scientist,No,0,3505,Upto 5k,2,2,2,0,2.0,No,3,1,4,3,Travel_Rarely,Single,10,1,Medical,1,0,18,3,4,310,79,19630,3,1
RM586,811,23,18-25,Male,Research & Development,Laboratory Technician,Yes,1,1601,Upto 5k,1,0,0,0,0.0,Yes,1,3,4,3,Travel_Rarely,Married,6,3,Life Sciences,1,2,21,4,3,1243,63,3445,2,1
RM911,1270,23,18-25,Male,Research & Development,Research Scientist,No,0,1223,Upto 5k,1,1,0,0,1.0,No,3,4,3,3,Travel_Rarely,Married,1,2,Life Sciences,1,1,22,4,4,373,47,16901,2,1
RM1083,1533,23,18-25,Male,Research & Development,Laboratory Technician,No,0,2272,Upto 5k,5,4,3,1,2.0,No,3,1,3,3,Travel_Rarely,Single,20,1,Life Sciences,0,0,14,3,2,507,97,24812,2,2
RM1128,1592,23,18-25,Male,Research & Development,Research Scientist,No,0,2073,Upto 5k,4,2,2,2,2.0,No,3,4,4,3,Travel_Rarely,Married,10,3,Technical Degree,2,1,16,3,4,977,45,12826,2,1
RM1202,1684,23,18-25,Male,Research & Development,Laboratory Technician,Yes,1,3989,Upto 5k,5,5,4,1,2.0,Yes,3,4,2,3,Travel_Rarely,Single,8,1,Medical,1,0,11,3,1,1320,93,20586,2,1
RM1214,1702,23,18-25,Male,Sales,Sales Representative,Yes,1,2275,Upto 5k,3,3,2,0,2.0,Yes,4,3,3,3,Travel_Rarely,Divorced,7,3,Life Sciences,1,1,21,4,2,427,99,25103,2,1
RM1239,1735,23,18-25,Female,Research & Development,Laboratory Technician,No,0,3295,Upto 5k,3,3,2,1,2.0,No,2,3,3,1,Travel_Rarely,Single,4,1,Medical,1,0,13,3,3,160,51,12862,3,1
RM1409,1982,23,18-25,Male,Research & Development,Laboratory Technician,No,0,2647,Upto 5k,5,5,2,1,4.0,No,4,4,3,4,Travel_Rarely,Single,12,2,Other,1,0,13,3,3,571,78,13672,6,1
RM1439,2023,23,18-25,Male,Sales,Sales Representative,Yes,1,1790,Upto 5k,1,1,0,1,0.0,No,1,4,3,2,Travel_Frequently,Married,9,3,Marketing,1,1,19,3,1,638,33,26956,3,1
RM021,26,24,18-25,Female,Research & Development,Manufacturing Director,No,0,4011,Upto 5k,5,4,2,1,3.0,No,3,1,4,2,Non-Travel,Divorced,11,2,Other,0,1,18,3,4,673,96,8232,5,2
RM035,45,24,18-25,Male,Research & Development,Research Scientist,Yes,1,2293,Upto 5k,6,2,0,2,0.0,Yes,4,2,3,2,Travel_Rarely,Married,1,3,Medical,2,1,16,3,1,813,61,3020,2,1
RM097,128,24,18-25,Female,Sales,Sales Executive,No,0,4999,Upto 5k,4,3,2,0,2.0,No,3,1,3,2,Travel_Rarely,Married,3,2,Other,0,1,21,4,1,1353,33,17519,2,2
RM114,150,24,18-25,Male,Research & Development,Laboratory Technician,No,0,2774,Upto 5k,6,5,3,1,2.0,No,3,2,3,3,Travel_Rarely,Married,18,1,Life Sciences,0,1,12,3,3,1127,52,13257,2,1
RM381,507,24,18-25,Female,Sales,Sales Executive,No,0,4260,Upto 5k,5,5,2,0,3.0,Yes,3,4,3,4,Travel_Rarely,Divorced,10,4,Marketing,1,1,12,3,4,1371,77,5915,2,2
RM415,554,24,18-25,Female,Sales,Sales Representative,Yes,1,3202,Upto 5k,6,5,3,1,4.0,Yes,2,1,3,3,Travel_Rarely,Single,1,1,Technical Degree,1,0,16,3,2,1448,62,21972,4,1
RM471,632,24,18-25,Male,Sales,Sales Representative,No,0,2400,Upto 5k,3,2,2,2,1.0,No,4,4,3,3,Travel_Frequently,Married,24,3,Medical,0,2,13,3,3,535,38,5530,3,1
RM475,639,24,18-25,Male,Research & Development,Research Scientist,No,0,2725,Upto 5k,6,6,5,1,4.0,Yes,4,2,4,3,Travel_Rarely,Married,23,3,Medical,1,2,11,3,2,691,89,21630,3,1
RM477,643,24,18-25,Male,Research & Development,Laboratory Technician,No,0,2127,Upto 5k,1,1,0,0,0.0,No,2,4,2,3,Travel_Rarely,Married,17,2,Other,1,1,21,4,4,823,94,9100,2,1
RM480,647,24,18-25,Female,Research & Development,Laboratory Technician,Yes,1,2886,Upto 5k,6,6,3,1,2.0,Yes,3,1,3,3,Travel_Frequently,Married,7,3,Life Sciences,1,1,16,3,4,1287,55,14168,4,1
RM526,720,24,18-25,Female,Sales,Sales Executive,Yes,1,4577,Upto 5k,4,2,2,2,0.0,No,3,1,3,3,Travel_Rarely,Single,3,2,Life Sciences,9,0,14,3,1,693,65,24785,3,2
RM587,812,24,18-25,Male,Research & Development,Laboratory Technician,No,0,2694,Upto 5k,1,1,0,0,0.0,No,2,3,2,3,Non-Travel,Divorced,9,3,Life Sciences,1,3,11,3,3,1092,60,26551,4,1
RM641,888,24,18-25,Male,Research & Development,Laboratory Technician,No,0,3162,Upto 5k,6,5,2,3,4.0,No,4,1,2,2,Non-Travel,Married,4,1,Life Sciences,0,0,17,3,4,1269,46,10778,2,1
RM725,1009,24,18-25,Female,Research & Development,Manufacturing Director,No,0,4377,Upto 5k,5,4,2,3,2.0,No,3,4,2,3,Travel_Rarely,Divorced,17,1,Medical,1,2,15,3,2,1206,41,24117,6,2
RM842,1173,24,18-25,Male,Research & Development,Laboratory Technician,No,0,3597,Upto 5k,6,4,3,1,2.0,No,2,4,3,3,Travel_Rarely,Single,24,3,Medical,8,0,22,4,4,477,49,6409,2,1
RM872,1219,24,18-25,Female,Research & Development,Laboratory Technician,Yes,1,2210,Upto 5k,1,1,0,0,0.0,No,2,4,3,1,Travel_Rarely,Married,17,2,Life Sciences,1,1,13,3,1,984,97,3372,3,1
RM1026,1445,24,18-25,Female,Sales,Sales Executive,No,0,4162,Upto 5k,5,5,4,0,3.0,Yes,3,4,3,3,Travel_Rarely,Married,4,1,Medical,1,2,12,3,3,1476,42,15211,3,2
RM1061,1494,24,18-25,Male,Research & Development,Laboratory Technician,Yes,1,3172,Upto 5k,4,0,0,0,0.0,Yes,1,2,3,2,Travel_Frequently,Single,9,3,Medical,2,0,11,3,3,381,89,16998,2,1
RM1062,1495,24,18-25,Female,Sales,Sales Representative,No,0,2033,Upto 5k,1,1,0,0,0.0,No,2,4,3,3,Non-Travel,Married,13,2,Life Sciences,1,1,13,3,3,830,78,7103,2,1
RM1098,1551,24,18-25,Male,Research & Development,Laboratory Technician,No,0,2296,Upto 5k,2,1,1,0,0.0,No,1,3,2,3,Travel_Rarely,Divorced,21,2,Technical Degree,0,3,14,3,2,350,57,10036,3,1
RM1169,1646,24,18-25,Female,Research & Development,Research Scientist,No,0,3760,Upto 5k,6,6,3,1,3.0,Yes,4,1,3,3,Travel_Frequently,Single,2,1,Technical Degree,1,0,13,3,3,567,32,17218,2,1
RM1218,1707,24,18-25,Male,Research & Development,Research Scientist,No,0,4401,Upto 5k,5,5,3,0,4.0,No,3,3,4,3,Travel_Rarely,Married,9,3,Medical,1,1,16,3,4,581,62,17616,1,1
RM1223,1714,24,18-25,Male,Human Resources,Human Resources,Yes,1,1555,Upto 5k,1,1,0,0,0.0,No,3,4,1,3,Travel_Rarely,Married,22,1,Human Resources,1,1,11,3,3,240,58,11585,2,1
RM1231,1725,24,18-25,Male,Research & Development,Laboratory Technician,No,0,3907,Upto 5k,6,6,2,1,2.0,No,1,2,3,4,Travel_Rarely,Divorced,29,1,Medical,1,3,13,3,2,506,91,3622,2,1
RM1246,1746,24,18-25,Male,Human Resources,Human Resources,No,0,2145,Upto 5k,3,2,2,2,1.0,No,4,1,3,3,Travel_Frequently,Married,10,3,Medical,0,1,14,3,4,897,59,2097,2,1
RM1408,1981,24,18-25,Male,Research & Development,Healthcare Representative,No,0,4617,Upto 5k,4,4,3,1,2.0,No,3,2,2,2,Travel_Rarely,Single,1,2,Life Sciences,1,0,12,3,2,771,45,14120,2,2
RM108,142,25,18-25,Male,Sales,Sales Executive,Yes,1,5744,5k-10k,6,6,4,0,3.0,Yes,3,3,2,3,Travel_Rarely,Single,5,3,Marketing,1,0,11,3,4,240,46,26959,1,2
RM109,143,25,18-25,Male,Research & Development,Research Scientist,No,0,2889,Upto 5k,2,2,2,2,1.0,No,4,4,2,3,Travel_Rarely,Married,7,1,Medical,1,2,11,3,3,1280,64,26897,2,1
RM139,183,25,18-25,Male,Sales,Sales Executive,No,0,8639,5k-10k,6,2,2,2,3.0,No,3,1,2,3,Travel_Rarely,Married,28,3,Life Sciences,2,0,18,3,4,959,41,24835,3,2
RM256,350,25,18-25,Female,Research & Development,Manufacturing Director,No,0,4898,Upto 5k,5,4,2,1,3.0,No,3,1,3,3,Travel_Rarely,Married,1,3,Life Sciences,0,2,12,3,4,685,62,7505,3,2
RM268,369,25,18-25,Male,Research & Development,Healthcare Representative,No,0,4000,Upto 5k,6,6,3,1,5.0,No,1,2,4,3,Non-Travel,Divorced,5,2,Life Sciences,1,2,12,3,4,675,85,18384,2,2
RM398,527,25,18-25,Female,Sales,Sales Executive,No,0,4487,Upto 5k,5,5,4,1,3.0,Yes,4,2,2,3,Travel_Rarely,Single,4,2,Life Sciences,1,0,11,3,2,891,99,12090,3,2
RM406,538,25,18-25,Male,Research & Development,Laboratory Technician,Yes,1,4031,Upto 5k,6,2,2,0,3.0,No,1,1,3,3,Travel_Rarely,Married,3,3,Medical,5,1,13,3,3,688,91,9396,5,1
RM479,645,25,18-25,Male,Sales,Sales Representative,No,0,2096,Upto 5k,7,7,4,0,6.0,No,3,2,3,3,Travel_Rarely,Married,13,1,Medical,1,0,11,3,3,622,40,26376,1,1
RM518,707,25,18-25,Male,Sales,Sales Executive,No,0,4851,Upto 5k,4,3,2,1,2.0,No,2,4,4,3,Travel_Rarely,Married,8,3,Life Sciences,0,1,22,4,3,810,57,15678,4,2
RM564,781,25,18-25,Female,Sales,Sales Executive,No,0,6180,5k-10k,6,6,5,1,4.0,No,4,3,3,2,Travel_Rarely,Single,26,1,Medical,1,0,23,4,2,883,32,22807,5,2
RM619,854,25,18-25,Male,Research & Development,Research Scientist,No,0,3424,Upto 5k,6,4,3,0,1.0,No,1,1,4,2,Travel_Rarely,Single,2,1,Medical,7,0,13,3,3,180,65,21632,3,1
RM635,879,25,18-25,Male,Sales,Sales Executive,No,0,4194,Upto 5k,5,5,3,0,3.0,Yes,1,3,3,3,Travel_Rarely,Married,3,1,Other,1,0,18,3,4,141,98,14363,3,2
RM639,885,25,18-25,Male,Sales,Sales Executive,No,0,4256,Upto 5k,5,5,2,0,3.0,No,1,3,2,4,Travel_Rarely,Married,4,1,Marketing,1,0,12,3,1,583,87,18154,1,2
RM684,952,25,18-25,Male,Sales,Sales Representative,Yes,1,2413,Upto 5k,1,1,0,0,0.0,Yes,2,3,2,3,Travel_Rarely,Married,19,2,Marketing,1,3,18,3,3,867,36,18798,2,1
RM797,1106,25,18-25,Male,Research & Development,Laboratory Technician,Yes,1,3691,Upto 5k,7,7,7,5,6.0,Yes,4,4,3,4,Travel_Rarely,Married,4,1,Technical Degree,1,1,15,3,2,1219,32,4605,3,1
RM886,1240,25,18-25,Male,Sales,Sales Executive,No,0,4950,Upto 5k,5,4,3,1,1.0,No,4,3,3,3,Travel_Rarely,Single,10,4,Life Sciences,0,0,14,3,2,1356,57,20623,4,2
RM912,1273,25,18-25,Male,Sales,Sales Representative,Yes,1,1118,Upto 5k,1,1,0,1,0.0,Yes,4,3,1,3,Travel_Frequently,Single,24,1,Life Sciences,1,0,14,3,4,599,73,8040,4,1
RM935,1303,25,18-25,Female,Research & Development,Research Scientist,No,0,2096,Upto 5k,2,2,2,2,1.0,No,2,4,3,2,Travel_Rarely,Single,1,3,Medical,1,0,18,3,4,266,40,18830,3,1
RM966,1358,25,18-25,Male,Research & Development,Laboratory Technician,No,0,3669,Upto 5k,7,3,2,1,2.0,No,4,4,3,2,Travel_Rarely,Married,19,1,Medical,3,3,11,3,3,882,67,9075,6,1
RM994,1399,25,18-25,Male,Sales,Sales Executive,No,0,6232,5k-10k,6,3,2,1,2.0,No,3,1,4,2,Travel_Rarely,Married,18,1,Life Sciences,2,0,11,3,2,1372,93,12477,3,2
RM1004,1415,25,18-25,Male,Research & Development,Laboratory Technician,No,0,3229,Upto 5k,7,3,2,0,2.0,No,4,1,3,2,Travel_Rarely,Married,1,3,Technical Degree,4,1,11,3,2,949,81,4910,2,1
RM1022,1439,25,18-25,Male,Sales,Sales Representative,Yes,1,4400,Upto 5k,6,3,2,2,2.0,No,1,1,2,3,Travel_Rarely,Married,9,2,Life Sciences,3,0,12,3,1,383,68,15182,2,1
RM1175,1653,25,18-25,Male,Research & Development,Manufacturing Director,No,0,5206,5k-10k,7,7,7,0,7.0,No,3,4,4,3,Travel_Frequently,Divorced,2,1,Life Sciences,1,2,17,3,3,772,77,4973,6,2
RM1412,1987,25,18-25,Female,Human Resources,Human Resources,No,0,2187,Upto 5k,6,2,0,1,2.0,No,2,3,3,3,Travel_Rarely,Married,2,3,Human Resources,4,0,14,3,3,309,82,19655,3,1
RM1414,1992,25,18-25,Male,Research & Development,Laboratory Technician,No,0,3977,Upto 5k,7,2,2,0,2.0,Yes,3,4,3,2,Travel_Rarely,Divorced,2,1,Other,6,1,19,3,3,977,57,7298,2,1
RM1434,2018,25,18-25,Female,Sales,Sales Executive,No,0,4907,Upto 5k,6,5,3,0,4.0,Yes,3,1,3,2,Travel_Rarely,Divorced,8,2,Other,0,1,22,4,2,1382,85,13684,3,2
RM043,55,26,26-35,Male,Research & Development,Laboratory Technician,Yes,1,2293,Upto 5k,1,1,0,0,1.0,No,3,1,1,2,Travel_Rarely,Single,25,3,Life Sciences,1,0,12,3,3,1357,48,10558,2,1
RM055,72,26,26-35,Female,Sales,Sales Executive,No,0,4157,Upto 5k,5,2,2,0,0.0,Yes,4,3,2,2,Travel_Rarely,Married,23,3,Marketing,7,1,19,3,3,1443,47,21436,2,2
RM126,164,26,26-35,Female,Research & Development,Research Scientist,No,0,2368,Upto 5k,5,5,4,4,3.0,No,2,3,2,2,Travel_Rarely,Married,6,3,Other,1,0,19,3,3,841,46,23300,3,1
RM135,177,26,26-35,Female,Human Resources,Human Resources,No,0,2942,Upto 5k,8,8,7,5,7.0,No,3,3,3,3,Travel_Rarely,Married,25,1,Life Sciences,1,1,23,4,4,1355,61,8916,3,1
RM279,384,26,26-35,Female,Research & Development,Manufacturing Director,No,0,6397,5k-10k,6,6,5,1,4.0,No,2,3,3,1,Travel_Frequently,Divorced,1,3,Life Sciences,1,1,20,4,1,1479,84,26767,6,2
RM285,390,26,26-35,Male,Research & Development,Healthcare Representative,No,0,4741,Upto 5k,5,5,3,3,3.0,Yes,1,1,3,3,Travel_Frequently,Married,11,2,Medical,1,1,13,3,3,496,60,22722,3,2
RM289,394,26,26-35,Male,Research & Development,Laboratory Technician,Yes,1,2373,Upto 5k,5,3,2,0,2.0,Yes,2,1,3,3,Travel_Rarely,Divorced,16,4,Medical,2,1,13,3,4,1449,45,14180,2,1
RM294,401,26,26-35,Male,Sales,Sales Executive,Yes,1,5828,5k-10k,8,8,7,7,4.0,Yes,4,4,2,3,Travel_Rarely,Single,4,4,Marketing,1,0,12,3,2,950,48,8450,0,2
RM356,476,26,26-35,Male,Sales,Sales Executive,No,0,5296,5k-10k,8,8,7,7,7.0,No,3,3,3,3,Travel_Rarely,Married,1,3,Life Sciences,1,1,17,3,2,933,57,20156,3,2
RM383,510,26,26-35,Male,Research & Development,Research Scientist,Yes,1,3102,Upto 5k,7,6,4,0,4.0,No,1,3,3,3,Travel_Frequently,Single,3,1,Technical Degree,0,0,22,4,3,575,73,6582,2,1
RM419,560,26,26-35,Female,Research & Development,Research Scientist,No,0,2886,Upto 5k,3,3,2,0,2.0,No,4,1,3,1,Travel_Rarely,Divorced,23,3,Life Sciences,1,2,22,4,2,1349,90,3032,3,1
RM454,608,26,26-35,Female,Human Resources,Human Resources,Yes,1,2741,Upto 5k,8,7,7,1,0.0,Yes,3,2,3,2,Travel_Frequently,Divorced,17,4,Life Sciences,0,1,11,3,2,426,58,22808,2,1
RM461,618,26,26-35,Male,Sales,Sales Executive,No,0,4306,Upto 5k,8,0,0,0,0.0,No,3,1,3,3,Travel_Rarely,Divorced,29,2,Medical,5,2,12,3,1,775,45,4267,5,2
RM464,622,26,26-35,Male,Research & Development,Laboratory Technician,Yes,1,2340,Upto 5k,1,1,0,0,0.0,Yes,4,3,1,1,Travel_Rarely,Single,24,3,Technical Degree,1,0,18,3,2,471,66,23213,3,1
RM476,641,26,26-35,Male,Sales,Sales Executive,No,0,6272,5k-10k,6,5,3,1,4.0,No,2,1,3,4,Travel_Rarely,Married,28,2,Marketing,1,2,20,4,4,703,66,7428,5,2
RM506,686,26,26-35,Female,Research & Development,Laboratory Technician,No,0,2659,Upto 5k,3,3,2,0,2.0,Yes,4,3,3,3,Travel_Rarely,Married,6,3,Life Sciences,1,1,13,3,3,991,71,17759,2,1
RM572,792,26,26-35,Female,Research & Development,Laboratory Technician,No,0,4364,Upto 5k,5,2,2,2,0.0,No,4,1,1,3,Travel_Frequently,Divorced,1,2,Life Sciences,3,1,14,3,1,575,71,5288,2,1
RM574,796,26,26-35,Male,Sales,Sales Executive,Yes,1,5326,5k-10k,6,4,3,1,2.0,No,1,4,2,2,Travel_Rarely,Single,8,3,Technical Degree,6,0,17,3,3,1146,38,3064,2,2
RM615,848,26,26-35,Female,Research & Development,Research Scientist,Yes,1,2366,Upto 5k,8,8,7,1,7.0,Yes,3,3,2,3,Travel_Frequently,Married,5,2,Medical,1,1,14,3,1,887,88,20898,2,1
RM686,956,26,26-35,Male,Sales,Sales Executive,No,0,4294,Upto 5k,7,7,7,0,7.0,No,1,3,2,3,Travel_Frequently,Single,1,3,Medical,1,0,12,3,2,1283,52,11148,2,2
RM734,1018,26,26-35,Male,Research & Development,Manufacturing Director,No,0,5472,5k-10k,8,8,7,1,3.0,No,4,4,4,3,Travel_Rarely,Married,2,2,Medical,1,0,12,3,2,1066,32,3334,2,2
RM749,1037,26,26-35,Male,Sales,Sales Executive,Yes,1,4969,Upto 5k,7,2,2,2,2.0,No,1,2,1,3,Non-Travel,Single,29,2,Medical,8,0,18,3,4,265,79,21813,6,2
RM763,1053,26,26-35,Male,Research & Development,Research Scientist,Yes,1,2042,Upto 5k,6,3,2,1,2.0,Yes,1,1,3,3,Travel_Frequently,Married,2,3,Life Sciences,6,1,14,3,2,342,57,15346,2,1
RM770,1068,26,26-35,Female,Research & Development,Research Scientist,No,0,2007,Upto 5k,5,5,3,1,3.0,No,3,1,2,3,Travel_Frequently,Divorced,1,1,Medical,1,2,13,3,3,921,66,25265,5,1
RM782,1083,26,26-35,Male,Research & Development,Laboratory Technician,No,0,3955,Upto 5k,6,5,3,1,3.0,No,1,1,2,3,Travel_Rarely,Married,1,2,Medical,1,2,16,3,1,192,59,11141,2,1
RM798,1107,26,26-35,Male,Research & Development,Laboratory Technician,Yes,1,2377,Upto 5k,1,1,1,0,0.0,No,3,1,3,2,Travel_Rarely,Divorced,21,3,Medical,1,1,20,4,3,1330,37,19373,0,1
RM844,1177,26,26-35,Male,Research & Development,Laboratory Technician,No,0,4420,Upto 5k,8,8,7,0,7.0,No,4,1,4,3,Travel_Rarely,Married,3,4,Medical,1,1,22,4,2,1384,82,13421,2,1
RM913,1275,26,26-35,Male,Research & Development,Research Scientist,No,0,2875,Upto 5k,8,8,5,2,2.0,Yes,4,3,3,2,Travel_Rarely,Single,4,2,Life Sciences,1,0,20,4,2,583,53,9973,2,1
RM999,1407,26,26-35,Male,Research & Development,Research Scientist,No,0,3904,Upto 5k,5,4,3,1,1.0,No,4,1,2,3,Travel_Rarely,Single,2,1,Medical,0,0,12,3,4,683,36,4050,2,1
RM1005,1417,26,26-35,Male,Research & Development,Laboratory Technician,No,0,3578,Upto 5k,8,7,7,0,7.0,No,1,3,4,3,Travel_Rarely,Single,7,3,Other,0,0,12,3,4,652,100,23577,2,1
RM1119,1581,26,26-35,Female,Research & Development,Research Scientist,No,0,2061,Upto 5k,1,1,0,0,0.0,No,4,1,3,3,Travel_Rarely,Married,3,3,Life Sciences,1,0,21,4,1,474,89,11133,5,1
RM1207,1693,26,26-35,Male,Research & Development,Laboratory Technician,No,0,2570,Upto 5k,7,7,7,5,7.0,No,4,4,3,3,Non-Travel,Single,7,3,Medical,1,0,20,4,3,786,76,11925,5,1
RM1225,1718,26,26-35,Male,Research & Development,Laboratory Technician,No,0,2305,Upto 5k,3,3,2,0,2.0,No,3,4,1,4,Travel_Rarely,Married,17,4,Medical,1,3,15,3,3,390,62,6217,3,1
RM1298,1818,26,26-35,Female,Human Resources,Human Resources,Yes,1,2148,Upto 5k,6,5,1,1,4.0,Yes,2,4,3,3,Travel_Rarely,Married,20,2,Medical,0,0,11,3,3,920,69,6889,3,1
RM1310,1836,26,26-35,Male,Sales,Sales Executive,No,0,4684,Upto 5k,5,5,3,1,2.0,No,4,3,3,3,Travel_Rarely,Single,10,3,Medical,1,0,13,3,1,572,46,9125,4,2
RM1350,1893,26,26-35,Female,Research & Development,Research Scientist,No,0,2933,Upto 5k,1,1,0,1,0.0,Yes,3,2,2,2,Travel_Rarely,Married,1,2,Life Sciences,1,1,13,3,3,482,90,14908,3,1
RM1362,1918,26,26-35,Male,Research & Development,Laboratory Technician,No,0,2544,Upto 5k,8,7,7,7,7.0,No,4,3,4,3,Travel_Frequently,Married,6,3,Other,0,1,18,3,1,1096,61,7102,3,1
RM1387,1952,26,26-35,Male,Research & Development,Laboratory Technician,No,0,2867,Upto 5k,8,7,7,7,6.0,No,1,3,3,2,Travel_Rarely,Single,1,3,Medical,0,0,13,3,4,157,95,20006,6,1
RM1465,2060,26,26-35,Female,Sales,Sales Representative,No,0,2966,Upto 5k,5,4,2,0,0.0,No,3,4,2,3,Travel_Rarely,Single,5,3,Other,0,0,18,3,4,1167,30,21378,2,1
RM1465,2060,26,26-35,Female,Sales,Sales Representative,No,0,2966,Upto 5k,5,4,2,0,5.0,No,3,4,2,3,Travel_Rarely,Single,5,3,Other,0,0,18,3,4,1167,30,21378,2,1
RM005,7,27,26-35,Male,Research & Development,Laboratory Technician,No,0,3468,Upto 5k,6,2,2,2,2.0,No,2,1,3,3,Travel_Rarely,Married,2,1,Medical,9,1,12,3,4,591,40,16632,3,1
RM042,54,27,26-35,Female,Research & Development,Laboratory Technician,No,0,2341,Upto 5k,1,1,0,0,0.0,No,1,4,3,3,Travel_Rarely,Divorced,2,4,Life Sciences,1,1,13,3,4,1240,33,19715,6,1
RM044,56,27,26-35,Male,Sales,Sales Executive,No,0,8726,5k-10k,9,9,8,1,7.0,No,3,4,3,3,Travel_Frequently,Single,8,3,Life Sciences,1,0,15,3,4,994,37,2975,0,3
RM162,218,27,26-35,Male,Research & Development,Research Scientist,No,0,2024,Upto 5k,6,2,2,2,2.0,No,2,4,3,1,Non-Travel,Divorced,9,3,Medical,6,1,18,3,4,691,57,5970,1,1
RM165,224,27,26-35,Male,Research & Development,Research Scientist,No,0,2566,Upto 5k,1,1,1,0,1.0,Yes,3,3,2,2,Non-Travel,Divorced,3,3,Medical,1,1,15,3,4,1450,79,25326,2,1
RM171,233,27,26-35,Male,Research & Development,Research Scientist,No,0,3058,Upto 5k,6,5,2,1,1.0,Yes,2,3,3,2,Travel_Rarely,Married,17,3,Technical Degree,0,1,16,3,4,1157,51,13364,3,1
RM192,260,27,26-35,Female,Research & Development,Research Scientist,No,0,2279,Upto 5k,7,7,7,0,3.0,No,2,4,3,2,Travel_Rarely,Single,9,3,Medical,1,0,16,3,4,894,99,11781,2,1
RM201,274,27,26-35,Male,Research & Development,Manufacturing Director,No,0,4298,Upto 5k,6,2,2,2,0.0,No,1,3,2,3,Travel_Frequently,Married,1,1,Technical Degree,5,1,19,3,3,472,60,9679,1,2
RM213,293,27,26-35,Female,Sales,Sales Executive,No,0,9981,5k-10k,7,7,7,0,7.0,No,3,4,3,3,Travel_Frequently,Single,20,3,Life Sciences,1,0,14,3,4,1242,90,12916,2,2
RM319,434,27,26-35,Female,Research & Development,Research Scientist,No,0,2478,Upto 5k,4,4,3,1,2.0,Yes,2,3,3,2,Travel_Rarely,Single,5,3,Life Sciences,1,0,12,3,2,1220,85,20938,2,1
RM321,437,27,26-35,Male,Sales,Sales Executive,No,0,4478,Upto 5k,5,5,4,0,4.0,Yes,3,4,3,3,Travel_Rarely,Single,2,3,Life Sciences,1,0,11,3,1,1377,74,5242,3,2
RM332,449,27,26-35,Male,Sales,Sales Executive,No,0,6349,5k-10k,6,5,4,1,4.0,Yes,2,3,3,3,Non-Travel,Married,1,1,Marketing,0,1,13,3,4,210,73,22107,0,2
RM340,458,27,26-35,Female,Sales,Sales Executive,No,0,6214,5k-10k,8,8,7,0,7.0,No,2,2,3,3,Travel_Rarely,Married,8,4,Marketing,1,1,18,3,1,1130,56,3415,3,2
RM374,497,27,26-35,Male,Research & Development,Laboratory Technician,No,0,3816,Upto 5k,5,5,2,0,4.0,No,2,4,3,3,Travel_Rarely,Divorced,1,2,Medical,1,1,11,3,2,1469,82,17881,2,1
RM486,655,27,26-35,Female,Research & Development,Research Scientist,No,0,2187,Upto 5k,6,5,3,0,3.0,No,3,1,2,2,Travel_Rarely,Divorced,6,4,Medical,0,2,12,3,3,798,66,5013,5,1
RM496,667,27,26-35,Male,Sales,Sales Representative,Yes,1,3041,Upto 5k,5,4,3,0,2.0,No,1,3,3,3,Travel_Rarely,Divorced,2,1,Marketing,0,1,11,3,2,1420,85,16346,3,1
RM513,700,27,26-35,Male,Research & Development,Research Scientist,No,0,2045,Upto 5k,5,4,2,1,1.0,No,4,1,2,3,Travel_Rarely,Single,3,4,Medical,0,0,13,3,4,1115,54,15174,0,1
RM522,714,27,26-35,Female,Sales,Sales Executive,No,0,4647,Upto 5k,6,6,5,0,4.0,Yes,4,4,4,3,Travel_Frequently,Divorced,3,1,Medical,1,2,20,4,2,1410,71,16673,3,2
RM531,725,27,26-35,Female,Research & Development,Manufacturing Director,No,0,7412,5k-10k,9,9,7,0,7.0,No,1,3,3,3,Travel_Rarely,Married,1,2,Life Sciences,1,0,11,3,4,608,68,6009,3,3
RM538,733,27,26-35,Male,Research & Development,Manufacturing Director,No,0,8793,5k-10k,9,9,7,1,7.0,No,1,4,3,2,Travel_Frequently,Divorced,10,2,Life Sciences,1,2,21,4,3,294,32,4809,4,3
RM555,764,27,26-35,Female,Research & Development,Healthcare Representative,No,0,6811,5k-10k,9,7,6,0,7.0,No,1,4,2,1,Travel_Rarely,Single,7,3,Medical,8,0,19,3,1,975,55,23398,2,2
RM577,800,27,26-35,Male,Sales,Sales Executive,No,0,4342,Upto 5k,5,4,2,1,1.0,No,4,3,3,3,Travel_Frequently,Married,8,1,Marketing,0,1,19,3,2,829,84,24008,3,2
RM611,844,27,26-35,Male,Research & Development,Research Director,No,0,12808,10k-15k,9,9,8,0,8.0,Yes,4,3,2,3,Travel_Rarely,Divorced,5,1,Technical Degree,1,1,16,3,2,269,42,8842,3,3
RM616,850,27,26-35,Male,Research & Development,Research Scientist,No,0,1706,Upto 5k,0,0,0,0,0.0,No,4,4,3,2,Non-Travel,Married,3,3,Medical,1,3,11,3,3,443,50,16571,6,1
RM671,933,27,26-35,Female,Research & Development,Research Scientist,No,0,2318,Upto 5k,1,1,1,0,0.0,No,3,2,3,3,Travel_Rarely,Single,4,3,Life Sciences,1,0,19,3,3,618,76,17808,2,1
RM718,1001,27,26-35,Female,Research & Development,Laboratory Technician,No,0,2811,Upto 5k,4,2,2,2,2.0,No,2,3,3,3,Travel_Rarely,Married,16,4,Technical Degree,9,1,14,3,2,1134,37,12086,2,1
RM740,1027,27,26-35,Female,Research & Development,Manufacturing Director,No,0,4227,Upto 5k,4,3,2,2,2.0,No,4,1,3,3,Travel_Rarely,Married,2,4,Life Sciences,0,1,18,3,2,1055,47,4658,2,2
RM787,1094,27,26-35,Male,Research & Development,Laboratory Technician,No,0,4621,Upto 5k,3,3,2,1,2.0,No,3,1,1,3,Non-Travel,Married,8,5,Life Sciences,1,3,19,3,4,1277,87,5869,4,1
RM834,1162,27,26-35,Male,Research & Development,Research Scientist,No,0,2539,Upto 5k,4,4,2,2,2.0,No,3,4,2,3,Travel_Rarely,Married,6,3,Life Sciences,1,1,13,3,3,199,55,7950,0,1
RM890,1244,27,26-35,Male,Research & Development,Research Scientist,No,0,2235,Upto 5k,9,9,7,6,8.0,Yes,1,1,3,2,Travel_Rarely,Married,14,3,Life Sciences,1,2,14,3,4,1103,42,14377,3,1
RM903,1259,27,26-35,Male,Research & Development,Research Scientist,No,0,2517,Upto 5k,5,5,3,0,3.0,No,3,1,3,3,Travel_Rarely,Divorced,4,2,Life Sciences,1,3,11,3,2,1167,76,3208,2,1
RM971,1364,27,26-35,Female,Sales,Sales Representative,No,0,2534,Upto 5k,5,1,0,0,0.0,No,4,3,4,3,Travel_Rarely,Married,11,3,Medical,8,1,14,3,2,1291,98,6527,4,1
RM975,1371,27,26-35,Male,Sales,Sales Executive,No,0,5071,5k-10k,8,6,2,0,0.0,No,4,4,1,3,Travel_Frequently,Single,2,1,Life Sciences,3,0,20,4,2,793,43,20392,3,2
RM997,1403,27,26-35,Female,Sales,Sales Executive,No,0,5769,5k-10k,6,6,2,4,4.0,Yes,4,4,2,3,Travel_Rarely,Married,10,3,Marketing,1,0,11,3,4,205,98,7100,3,2
RM998,1405,27,26-35,Female,Research & Development,Research Scientist,Yes,1,2394,Upto 5k,8,8,2,7,7.0,Yes,3,4,3,3,Travel_Rarely,Single,17,4,Life Sciences,1,0,13,3,4,135,51,25681,2,1
RM1018,1434,27,26-35,Male,Research & Development,Laboratory Technician,No,0,2099,Upto 5k,6,5,0,1,4.0,No,1,2,3,4,Travel_Rarely,Married,11,1,Life Sciences,0,0,14,3,2,1377,91,7679,3,1
RM1150,1619,27,26-35,Male,Research & Development,Laboratory Technician,No,0,4066,Upto 5k,7,7,7,0,7.0,No,1,4,2,3,Travel_Rarely,Divorced,19,3,Other,1,2,11,3,1,1302,67,16290,3,1
RM1170,1647,27,26-35,Female,Research & Development,Research Scientist,No,0,3517,Upto 5k,5,3,2,0,2.0,No,3,2,4,3,Travel_Rarely,Married,8,3,Medical,7,0,17,3,1,486,86,22490,0,1
RM1171,1648,27,26-35,Male,Research & Development,Research Scientist,No,0,2580,Upto 5k,6,4,2,1,2.0,No,4,4,3,2,Travel_Frequently,Single,2,3,Medical,2,0,13,3,3,591,87,6297,0,1
RM1249,1751,27,26-35,Female,Research & Development,Research Scientist,No,0,3445,Upto 5k,6,6,2,1,4.0,No,4,3,3,2,Travel_Rarely,Single,8,3,Medical,1,0,11,3,3,1054,67,6152,5,1
RM1318,1850,27,26-35,Female,Research & Development,Laboratory Technician,No,0,2379,Upto 5k,6,5,4,0,2.0,Yes,4,4,3,2,Travel_Frequently,Single,5,2,Life Sciences,0,0,14,3,3,1297,53,19826,3,1
RM1329,1864,27,26-35,Female,Sales,Sales Representative,No,0,3540,Upto 5k,9,9,8,5,8.0,No,3,2,2,3,Travel_Rarely,Married,23,1,Medical,1,1,21,4,4,728,36,7018,5,2
RM1335,1870,27,26-35,Female,Research & Development,Research Scientist,No,0,4774,Upto 5k,8,7,6,7,3.0,No,1,4,2,2,Travel_Frequently,Married,15,3,Life Sciences,0,1,19,3,4,1131,77,23844,2,1
RM1351,1898,27,26-35,Female,Sales,Sales Executive,No,0,6500,5k-10k,9,8,7,0,7.0,No,3,1,4,2,Travel_Rarely,Single,2,2,Medical,0,0,14,3,2,511,89,26997,5,2
RM1368,1931,27,26-35,Male,Research & Development,Research Scientist,No,0,2226,Upto 5k,6,5,3,1,2.0,No,2,2,3,2,TravelRarely,Married,2,4,Technical Degree,1,1,11,3,3,1354,41,6073,3,1
RM1380,1944,27,26-35,Female,Human Resources,Human Resources,Yes,1,2863,Upto 5k,1,1,0,0,0.0,No,2,1,2,3,Travel_Frequently,Married,22,3,Human Resources,1,0,12,3,1,1337,58,19555,2,1
RM1394,1965,27,26-35,Male,Sales,Sales Executive,No,0,4105,Upto 5k,7,7,7,0,7.0,No,4,4,3,3,Travel_Rarely,Single,9,3,Marketing,1,0,14,3,1,954,44,5099,5,2
RM1468,2064,27,26-35,Male,Research & Development,Manufacturing Director,No,0,6142,5k-10k,6,6,2,0,3.0,Yes,2,2,4,3,Travel_Rarely,Married,4,3,Life Sciences,1,1,20,4,2,155,87,5174,0,2
RM015,19,28,26-35,Male,Research & Development,Laboratory Technician,Yes,1,2028,Upto 5k,6,4,2,0,3.0,Yes,3,3,2,3,Travel_Rarely,Single,24,3,Life Sciences,5,0,14,3,2,103,50,12947,4,1
RM052,65,28,26-35,Male,Research & Development,Laboratory Technician,Yes,1,3441,Upto 5k,2,2,2,2,2.0,Yes,3,3,3,2,Travel_Rarely,Single,5,4,Technical Degree,1,0,13,3,3,1434,50,11179,3,1
RM098,129,28,26-35,Male,Sales,Sales Executive,No,0,4221,Upto 5k,5,5,4,0,4.0,No,3,2,3,4,Non-Travel,Married,4,3,Medical,1,0,15,3,2,120,43,8863,3,2
RM163,221,28,26-35,Male,Research & Development,Research Scientist,No,0,2713,Upto 5k,5,5,2,0,2.0,No,4,3,3,1,Travel_Rarely,Married,21,3,Medical,1,1,11,3,3,440,42,6672,2,1
RM265,364,28,26-35,Male,Research & Development,Laboratory Technician,Yes,1,3485,Upto 5k,5,0,0,0,0.0,No,3,1,3,1,Travel_Rarely,Single,2,4,Life Sciences,2,0,11,3,3,529,79,14935,5,1
RM273,377,28,26-35,Male,Research & Development,Research Scientist,No,0,2070,Upto 5k,5,5,2,0,4.0,No,4,4,3,2,Travel_Rarely,Married,9,3,Medical,1,1,23,4,4,1158,94,2613,3,1
RM290,395,28,26-35,Female,Research & Development,Research Scientist,No,0,3310,Upto 5k,5,5,3,0,2.0,No,4,4,3,3,Travel_Rarely,Single,8,2,Life Sciences,1,0,21,4,4,1117,66,4488,3,1
RM303,412,28,26-35,Male,Research & Development,Healthcare Representative,No,0,5661,5k-10k,9,8,3,0,7.0,No,1,2,4,3,Travel_Rarely,Single,16,2,Medical,0,0,19,3,3,1476,68,4824,2,2
RM324,440,28,26-35,Male,Research & Development,Research Scientist,Yes,1,3464,Upto 5k,5,3,2,2,2.0,Yes,4,1,1,2,Travel_Rarely,Married,2,4,Medical,5,0,13,3,4,1157,84,24737,4,1
RM375,498,28,26-35,Male,Sales,Sales Executive,No,0,5253,5k-10k,7,7,5,0,7.0,No,4,2,3,3,Travel_Rarely,Single,9,4,Life Sciences,1,0,16,3,4,304,92,20750,1,2
RM405,536,28,26-35,Male,Research & Development,Laboratory Technician,No,0,4558,Upto 5k,10,10,0,1,3.0,No,1,3,3,3,Travel_Rarely,Divorced,17,2,Medical,1,1,12,3,4,1300,79,13535,2,2
RM541,741,28,26-35,Female,Research & Development,Research Scientist,Yes,1,2216,Upto 5k,10,7,7,3,7.0,Yes,2,1,1,3,Travel_Rarely,Single,1,2,Life Sciences,7,0,13,3,4,654,67,3872,4,1
RM599,828,28,26-35,Male,Research & Development,Research Scientist,Yes,1,4382,Upto 5k,5,2,2,2,1.0,No,3,3,3,2,Travel_Rarely,Single,2,4,Medical,6,0,17,3,4,890,46,16374,3,1
RM613,846,28,26-35,Female,Sales,Sales Executive,No,0,4779,Upto 5k,8,8,7,7,5.0,Yes,2,2,3,3,Travel_Rarely,Married,2,4,Marketing,1,0,20,4,1,760,81,3698,2,2
RM630,869,28,26-35,Male,Human Resources,Human Resources,No,0,4936,Upto 5k,6,5,1,0,4.0,No,4,2,2,3,Travel_Rarely,Divorced,8,2,Medical,1,1,13,3,4,1169,63,23965,6,1
RM660,916,28,26-35,Male,Sales,Sales Executive,No,0,4908,Upto 5k,4,4,2,0,2.0,No,4,1,3,3,Travel_Rarely,Single,5,4,Medical,1,0,14,3,2,821,98,24252,3,2
RM669,930,28,26-35,Female,Research & Development,Research Scientist,No,0,2377,Upto 5k,6,2,2,2,2.0,No,3,3,3,3,Travel_Rarely,Divorced,9,3,Medical,5,1,18,3,2,995,77,9834,2,1
RM765,1056,28,26-35,Male,Sales,Sales Representative,No,0,1052,Upto 5k,1,1,0,0,0.0,No,2,4,3,3,Travel_Rarely,Married,10,1,Medical,1,0,22,4,2,1144,74,23384,5,1
RM781,1082,28,26-35,Male,Research & Development,Healthcare Representative,Yes,1,8722,5k-10k,10,10,7,1,9.0,No,1,2,2,2,Non-Travel,Single,24,2,Technical Degree,1,0,12,3,1,1366,72,12355,2,3
RM789,1097,28,26-35,Female,Research & Development,Research Scientist,No,0,3660,Upto 5k,10,8,7,1,7.0,No,3,3,3,4,Travel_Rarely,Single,10,3,Other,3,0,13,3,4,857,59,7909,4,2
RM794,1102,28,26-35,Male,Research & Development,Laboratory Technician,No,0,2207,Upto 5k,4,4,2,2,2.0,No,3,1,3,2,Travel_Rarely,Divorced,15,2,Life Sciences,1,1,16,3,4,895,50,22482,5,1
RM801,1111,28,26-35,Male,Research & Development,Laboratory Technician,Yes,1,2596,Upto 5k,1,1,0,0,0.0,No,2,1,2,3,Travel_Frequently,Divorced,1,3,Medical,1,2,15,3,1,1009,45,7160,2,1
RM810,1121,28,26-35,Female,Research & Development,Manufacturing Director,No,0,7655,5k-10k,10,9,7,1,7.0,No,2,4,3,2,Travel_Rarely,Divorced,3,3,Medical,0,3,17,3,2,950,93,8039,3,3
RM820,1136,28,26-35,Male,Research & Development,Research Scientist,No,0,3201,Upto 5k,6,5,3,0,4.0,No,2,1,2,1,Travel_Rarely,Married,2,1,Life Sciences,0,0,17,3,1,1451,67,19911,2,1
RM828,1154,28,26-35,Male,Research & Development,Research Scientist,No,0,2703,Upto 5k,3,3,1,0,2.0,Yes,3,3,2,3,Travel_Frequently,Divorced,6,3,Life Sciences,1,1,14,3,4,773,39,22088,2,1
RM843,1175,28,26-35,Female,Research & Development,Laboratory Technician,Yes,1,2515,Upto 5k,1,1,1,0,0.0,Yes,4,3,3,2,Travel_Rarely,Married,12,1,Life Sciences,1,0,11,3,4,1485,79,22955,4,1
RM869,1216,28,26-35,Male,Research & Development,Laboratory Technician,No,0,3196,Upto 5k,6,6,5,3,3.0,No,1,4,2,3,Travel_Rarely,Married,19,4,Medical,1,3,12,3,3,1179,78,12449,2,1
RM922,1286,28,26-35,Male,Research & Development,Laboratory Technician,No,0,2154,Upto 5k,5,4,2,0,2.0,Yes,3,4,3,2,Travel_Frequently,Single,1,4,Medical,0,0,11,3,3,791,44,6842,2,1
RM930,1296,28,26-35,Male,Research & Development,Laboratory Technician,No,0,3867,Upto 5k,2,2,2,2,2.0,Yes,4,4,2,3,Travel_Frequently,Married,2,3,Life Sciences,1,1,12,3,2,193,52,14222,2,1
RM934,1301,28,26-35,Male,Research & Development,Research Scientist,No,0,2080,Upto 5k,5,3,2,1,2.0,No,1,4,3,2,Travel_Rarely,Single,1,3,Technical Degree,2,0,11,3,2,640,84,4732,2,1
RM945,1315,28,26-35,Female,Research & Development,Laboratory Technician,No,0,6674,5k-10k,10,9,8,7,5.0,No,4,3,1,3,Non-Travel,Married,1,3,Life Sciences,0,3,11,3,1,1476,55,16392,6,2
RM985,1387,28,26-35,Male,Sales,Sales Executive,No,0,4724,Upto 5k,5,5,3,0,4.0,No,1,3,2,3,Travel_Rarely,Married,26,3,Life Sciences,1,1,11,3,3,736,48,24232,0,2
RM1042,1469,28,26-35,Male,Sales,Sales Executive,No,0,8463,5k-10k,6,5,4,1,3.0,No,1,4,3,3,Travel_Rarely,Single,5,3,Medical,0,0,18,3,4,866,84,23490,4,2
RM1057,1486,28,26-35,Male,Sales,Sales Representative,Yes,1,2909,Upto 5k,5,3,2,1,2.0,No,3,1,3,4,Travel_Frequently,Married,1,3,Technical Degree,3,1,15,3,4,1496,92,15747,3,1
RM1069,1504,28,26-35,Male,Research & Development,Laboratory Technician,Yes,1,2561,Upto 5k,8,0,0,0,0.0,No,1,3,2,2,Travel_Frequently,Single,2,2,Medical,7,0,11,3,3,289,38,5355,2,1
RM1070,1506,28,26-35,Male,Research & Development,Research Scientist,No,0,1563,Upto 5k,1,1,0,0,0.0,No,3,1,2,1,Travel_Rarely,Divorced,1,3,Life Sciences,1,1,14,3,4,1423,72,12530,2,1
RM1071,1507,28,26-35,Male,Sales,Sales Executive,No,0,4898,Upto 5k,5,4,2,1,3.0,No,1,3,3,3,Travel_Frequently,Single,7,3,Life Sciences,0,0,14,3,4,467,55,11827,5,2
RM1074,1514,28,26-35,Male,Research & Development,Manufacturing Director,No,0,6549,5k-10k,8,8,6,1,7.0,No,2,3,1,2,Travel_Rarely,Married,29,1,Life Sciences,1,2,14,3,2,1083,96,3173,2,2
RM1137,1604,28,26-35,Male,Research & Development,Laboratory Technician,Yes,1,2408,Upto 5k,1,1,1,0,0.0,Yes,2,3,3,3,Travel_Rarely,Married,24,3,Medical,1,3,17,3,3,329,51,7324,3,1
RM1152,1622,28,26-35,Female,Research & Development,Manufacturing Director,No,0,4877,Upto 5k,6,5,3,0,0.0,No,1,2,1,2,Travel_Rarely,Divorced,27,3,Medical,0,1,21,4,2,580,39,20460,5,2
RM1284,1799,28,26-35,Male,Research & Development,Research Scientist,No,0,2044,Upto 5k,5,5,3,0,3.0,No,4,3,3,4,Travel_Rarely,Married,1,3,Life Sciences,1,1,11,3,3,1181,82,5531,6,1
RM1308,1834,28,26-35,Female,Research & Development,Research Scientist,No,0,3591,Upto 5k,3,3,2,1,2.0,No,1,3,3,3,Travel_Rarely,Married,1,3,Medical,1,1,25,4,3,1217,67,12719,3,1
RM1324,1858,28,26-35,Male,Human Resources,Human Resources,No,0,2706,Upto 5k,3,3,2,2,2.0,No,4,3,3,3,Non-Travel,Divorced,1,2,Life Sciences,1,1,15,3,2,280,43,10494,2,1
RM1338,1875,28,26-35,Female,Sales,Sales Representative,No,0,2856,Upto 5k,1,1,0,0,0.0,No,2,2,3,3,Travel_Rarely,Married,3,3,Medical,1,1,19,3,4,1172,78,3692,3,1
RM1365,1927,28,26-35,Male,Sales,Sales Executive,No,0,6834,5k-10k,7,7,7,0,7.0,Yes,4,3,2,3,Travel_Frequently,Married,1,2,Life Sciences,1,1,12,3,3,783,42,19255,2,2
RM1370,1933,28,26-35,Female,Sales,Sales Executive,Yes,1,9854,5k-10k,6,2,0,2,2.0,Yes,3,4,3,3,Travel_Rarely,Single,13,2,Marketing,3,0,11,3,4,1475,84,23352,0,2
RM1382,1947,28,26-35,Male,Research & Development,Research Scientist,No,0,2144,Upto 5k,5,5,3,1,4.0,No,3,3,3,2,Non-Travel,Single,16,3,Medical,1,0,14,3,3,1103,49,2122,3,1
RM1391,1960,28,26-35,Male,Research & Development,Laboratory Technician,Yes,1,2367,Upto 5k,6,4,1,0,3.0,No,4,3,2,2,Travel_Rarely,Divorced,17,3,Technical Degree,5,1,12,3,1,1404,32,18779,2,1
RM012,15,29,26-35,Female,Research & Development,Laboratory Technician,No,0,4193,Upto 5k,10,9,5,0,8.0,Yes,3,4,2,3,Travel_Rarely,Single,15,2,Life Sciences,0,0,12,3,4,153,49,12682,3,2
RM016,20,29,26-35,Female,Research & Development,Manufacturing Director,No,0,9980,5k-10k,10,10,9,8,8.0,No,1,2,4,3,Travel_Rarely,Divorced,21,4,Life Sciences,1,1,11,3,3,1389,51,10195,1,3
RM072,94,29,26-35,Male,Research & Development,Research Scientist,No,0,2703,Upto 5k,6,5,4,0,3.0,No,2,3,3,3,Travel_Rarely,Married,2,3,Life Sciences,0,1,23,4,4,1328,76,4956,3,1
RM156,208,29,26-35,Male,Research & Development,Manufacturing Director,No,0,4319,Upto 5k,10,10,7,0,9.0,No,3,4,3,3,Non-Travel,Married,1,1,Technical Degree,1,1,13,3,1,1496,41,26283,1,2
RM206,283,29,26-35,Female,Sales,Sales Executive,Yes,1,7639,5k-10k,10,10,4,1,3.0,No,4,2,3,2,Travel_Rarely,Married,27,3,Marketing,1,3,22,4,4,121,35,24525,3,3
RM218,300,29,26-35,Male,Research & Development,Research Scientist,Yes,1,2058,Upto 5k,7,6,2,1,5.0,No,3,3,3,2,Travel_Rarely,Single,1,3,Technical Degree,0,0,14,3,4,992,85,19757,1,1
RM228,312,29,26-35,Female,Sales,Sales Executive,No,0,7918,5k-10k,11,11,10,4,1.0,No,4,2,3,3,Travel_Frequently,Married,1,1,Medical,1,1,14,3,4,1413,42,6599,5,3
RM230,315,29,26-35,Male,Research & Development,Research Scientist,Yes,1,2389,Upto 5k,4,4,3,0,1.0,Yes,4,3,2,2,Travel_Rarely,Single,18,1,Medical,1,0,13,3,3,896,86,14961,3,1
RM253,346,29,26-35,Male,Research & Development,Research Scientist,No,0,2340,Upto 5k,6,6,5,1,3.0,No,4,3,3,3,Travel_Rarely,Single,15,3,Life Sciences,1,0,19,3,1,665,60,22673,1,1
RM255,349,29,26-35,Male,Sales,Sales Executive,No,0,6931,5k-10k,10,3,2,0,3.0,No,4,4,3,3,Travel_Rarely,Divorced,20,2,Marketing,2,1,14,3,4,1247,45,10732,2,2
RM266,366,29,26-35,Male,Sales,Sales Executive,No,0,6644,5k-10k,10,0,0,0,0.0,No,2,1,2,3,Travel_Rarely,Married,2,3,Medical,2,2,19,3,2,1210,78,3687,2,2
RM283,388,29,26-35,Male,Sales,Sales Executive,No,0,4554,Upto 5k,10,10,7,0,9.0,No,4,2,3,2,Travel_Frequently,Single,2,2,Life Sciences,1,0,18,3,1,442,44,20260,3,2
RM337,454,29,26-35,Male,Research & Development,Laboratory Technician,Yes,1,2119,Upto 5k,7,7,7,0,7.0,Yes,1,2,1,2,Travel_Rarely,Married,8,4,Other,1,0,11,3,4,318,77,4759,4,1
RM338,455,29,26-35,Male,Research & Development,Laboratory Technician,No,0,3983,Upto 5k,4,3,2,2,2.0,No,4,2,2,3,Travel_Rarely,Single,9,5,Other,0,0,17,3,3,738,30,7621,2,1
RM344,463,29,26-35,Female,Sales,Sales Executive,No,0,8268,5k-10k,7,7,7,1,7.0,Yes,2,4,2,3,Travel_Rarely,Divorced,10,1,Marketing,1,2,14,3,1,144,39,11866,2,2
RM350,469,29,26-35,Male,Sales,Sales Executive,No,0,4649,Upto 5k,4,4,3,0,2.0,No,3,4,3,2,Non-Travel,Married,2,3,Life Sciences,1,1,14,3,1,746,61,16928,3,2
RM372,495,29,26-35,Male,Research & Development,Research Scientist,No,0,2201,Upto 5k,6,3,2,1,2.0,No,4,4,3,3,Travel_Rarely,Single,23,3,Life Sciences,9,0,16,3,4,1283,54,18168,4,1
RM421,564,29,26-35,Male,Research & Development,Research Director,No,0,11935,10k-15k,10,10,2,0,7.0,No,3,2,2,3,Travel_Rarely,Married,3,4,Medical,1,0,18,3,3,986,93,21526,2,3
RM422,565,29,26-35,Female,Research & Development,Research Scientist,Yes,1,2546,Upto 5k,6,2,2,1,1.0,No,2,3,2,4,Travel_Rarely,Married,25,5,Technical Degree,5,0,16,3,2,408,71,18300,2,1
RM455,611,29,26-35,Male,Research & Development,Manufacturing Director,No,0,4262,Upto 5k,8,3,2,1,2.0,No,4,4,3,4,Travel_Rarely,Divorced,19,3,Technical Degree,4,2,12,3,2,232,34,22645,2,2
RM508,690,29,26-35,Female,Sales,Sales Executive,No,0,5561,5k-10k,6,6,0,1,2.0,No,3,2,3,2,Travel_Rarely,Married,3,2,Medical,1,1,14,3,1,1176,62,3487,5,2
RM520,710,29,26-35,Male,Research & Development,Research Scientist,No,0,2720,Upto 5k,10,10,7,2,8.0,No,4,2,1,3,Travel_Frequently,Divorced,1,4,Life Sciences,1,1,18,3,4,806,76,18959,5,1
RM547,749,29,26-35,Male,Sales,Sales Representative,No,0,2642,Upto 5k,1,1,0,0,0.0,No,3,3,3,3,Travel_Rarely,Single,10,3,Life Sciences,1,0,11,3,3,1396,99,2755,6,1
RM556,766,29,26-35,Male,Sales,Sales Representative,No,0,2297,Upto 5k,2,2,2,2,2.0,No,2,4,3,3,Travel_Rarely,Divorced,10,3,Marketing,1,2,14,3,4,1090,83,17967,2,1
RM573,793,29,26-35,Female,Research & Development,Healthcare Representative,No,0,4335,Upto 5k,11,8,7,1,1.0,No,3,2,3,2,Travel_Rarely,Married,27,3,Medical,4,1,12,3,1,657,66,25549,3,2
RM590,816,29,26-35,Female,Research & Development,Laboratory Technician,Yes,1,2319,Upto 5k,1,1,0,0,0.0,Yes,1,2,2,3,Travel_Rarely,Married,1,2,Life Sciences,1,1,11,3,4,805,36,6689,1,1
RM595,824,29,26-35,Male,Research & Development,Research Scientist,No,0,2700,Upto 5k,10,10,7,0,7.0,No,3,3,4,3,Travel_Rarely,Married,23,2,Life Sciences,1,1,24,4,3,1252,81,23779,3,1
RM646,896,29,26-35,Female,Sales,Sales Representative,Yes,1,2800,Upto 5k,5,3,2,0,2.0,Yes,3,2,2,3,Travel_Rarely,Divorced,1,3,Medical,6,3,19,3,3,341,48,23522,3,1
RM658,912,29,26-35,Female,Research & Development,Laboratory Technician,No,0,2532,Upto 5k,8,4,3,0,3.0,No,4,1,2,3,Travel_Rarely,Divorced,7,1,Medical,6,3,14,3,3,1086,62,6054,5,1
RM698,974,29,26-35,Female,Sales,Sales Representative,No,0,2157,Upto 5k,3,3,1,0,2.0,No,4,3,3,3,Travel_Frequently,Married,20,3,Technical Degree,1,1,15,3,2,1404,84,18203,5,1
RM712,994,29,26-35,Female,Research & Development,Research Scientist,Yes,1,2404,Upto 5k,3,0,0,0,0.0,Yes,1,4,2,3,Travel_Rarely,Single,10,3,Life Sciences,6,0,20,4,3,906,92,11479,5,1
RM809,1120,29,26-35,Female,Research & Development,Research Scientist,No,0,2514,Upto 5k,11,7,5,1,7.0,No,4,3,3,3,Travel_Rarely,Divorced,28,4,Life Sciences,4,1,22,4,1,1107,93,26968,1,1
RM824,1143,29,26-35,Female,Research & Development,Research Scientist,No,0,3291,Upto 5k,8,7,5,1,1.0,No,2,4,3,2,Travel_Frequently,Divorced,10,3,Life Sciences,0,2,14,3,4,490,61,17940,2,1
RM826,1150,29,26-35,Male,Research & Development,Manufacturing Director,No,0,5056,5k-10k,10,10,7,1,2.0,Yes,4,2,2,2,Travel_Rarely,Married,8,1,Medical,1,1,15,3,3,718,79,17689,2,2
RM837,1165,29,26-35,Female,Sales,Sales Executive,Yes,1,7336,5k-10k,11,11,8,3,10.0,No,1,4,2,1,Travel_Rarely,Married,23,1,Life Sciences,1,1,13,3,1,408,45,11162,3,3
RM853,1192,29,26-35,Female,Research & Development,Laboratory Technician,No,0,3131,Upto 5k,10,10,8,0,8.0,No,4,2,3,3,Travel_Rarely,Married,6,1,Medical,1,1,13,3,1,1401,54,26342,5,1
RM860,1202,29,26-35,Female,Research & Development,Research Scientist,No,0,2168,Upto 5k,6,5,4,1,3.0,Yes,4,2,1,2,Travel_Rarely,Married,15,1,Life Sciences,0,1,18,3,1,942,69,26933,2,1
RM894,1249,29,26-35,Female,Research & Development,Research Scientist,No,0,3760,Upto 5k,3,3,2,1,2.0,No,4,1,3,3,Travel_Rarely,Divorced,1,3,Life Sciences,1,3,15,3,1,1010,97,5598,5,1
RM904,1260,29,26-35,Male,Research & Development,Healthcare Representative,No,0,6623,5k-10k,6,6,0,1,0.0,Yes,4,3,3,3,Travel_Rarely,Divorced,7,3,Life Sciences,1,2,11,3,2,1329,82,4204,2,2
RM906,1264,29,26-35,Female,Research & Development,Research Director,No,0,16124,15k+,9,7,7,1,7.0,No,4,4,2,2,Travel_Rarely,Divorced,1,3,Life Sciences,3,2,14,3,2,694,87,3423,2,4
RM933,1299,29,26-35,Female,Research & Development,Laboratory Technician,Yes,1,3339,Upto 5k,10,7,7,7,7.0,Yes,3,2,3,3,Travel_Rarely,Divorced,7,3,Technical Degree,3,2,13,3,1,806,39,17285,2,1
RM1006,1419,29,26-35,Male,Human Resources,Human Resources,No,0,7988,5k-10k,10,10,9,0,9.0,No,1,2,2,2,Travel_Rarely,Single,17,3,Other,1,0,13,3,1,332,51,9769,3,3
RM1008,1421,29,26-35,Female,Research & Development,Healthcare Representative,Yes,1,7553,5k-10k,9,8,7,7,7.0,Yes,4,3,3,3,Travel_Frequently,Single,14,1,Other,0,0,12,3,1,337,84,22930,1,3
RM1058,1487,29,26-35,Female,Sales,Sales Executive,Yes,1,5765,5k-10k,7,5,3,0,0.0,No,2,1,3,1,Travel_Frequently,Single,13,3,Technical Degree,5,0,11,3,1,115,51,17485,4,2
RM1064,1497,29,26-35,Male,Sales,Sales Executive,No,0,8620,5k-10k,10,10,7,0,4.0,No,3,3,2,3,Travel_Rarely,Divorced,19,3,Life Sciences,1,2,14,3,3,1246,77,23757,3,2
RM1073,1513,29,26-35,Female,Research & Development,Laboratory Technician,No,0,3180,Upto 5k,4,3,2,0,2.0,No,2,4,3,3,Travel_Frequently,Married,2,1,Life Sciences,0,3,13,3,3,410,97,4668,3,1
RM1078,1522,29,26-35,Male,Research & Development,Research Scientist,Yes,1,2362,Upto 5k,11,9,7,0,7.0,No,1,1,2,1,Travel_Rarely,Single,1,4,Technical Degree,6,0,13,3,3,224,100,7568,2,1
RM1091,1544,29,26-35,Female,Research & Development,Healthcare Representative,No,0,9715,5k-10k,9,7,7,0,7.0,No,1,3,1,3,Travel_Rarely,Married,8,1,Other,3,1,13,3,3,441,39,7288,3,2
RM1105,1558,29,26-35,Male,Research & Development,Research Scientist,No,0,2451,Upto 5k,5,1,0,0,0.0,No,3,3,4,2,Travel_Rarely,Married,9,3,Life Sciences,6,2,18,3,1,598,91,22376,2,1
RM1123,1586,29,26-35,Male,Research & Development,Laboratory Technician,No,0,4723,Upto 5k,10,10,9,1,5.0,Yes,1,2,3,3,Travel_Rarely,Single,3,1,Medical,1,0,18,3,4,1370,87,16213,3,1
RM1126,1590,29,26-35,Male,Research & Development,Healthcare Representative,No,0,8853,5k-10k,6,6,4,1,3.0,No,4,1,3,4,Travel_Frequently,Divorced,2,1,Life Sciences,1,1,19,3,4,995,87,24483,0,2
RM1173,1650,29,26-35,Male,Sales,Sales Executive,No,0,5869,5k-10k,8,5,2,1,4.0,No,3,3,2,3,Travel_Rarely,Single,10,3,Medical,9,0,11,3,3,469,42,23413,2,2
RM1189,1669,29,26-35,Male,Sales,Sales Executive,No,0,4187,Upto 5k,10,10,0,0,9.0,Yes,2,1,2,2,Travel_Rarely,Divorced,5,3,Medical,1,1,13,3,2,991,43,3356,3,2
RM1220,1709,29,26-35,Female,Research & Development,Laboratory Technician,No,0,2974,Upto 5k,9,5,3,1,2.0,No,3,4,3,3,Travel_Rarely,Married,9,4,Medical,9,1,17,3,3,1082,43,25412,2,1
RM1250,1752,29,26-35,Female,Sales,Sales Representative,Yes,1,2760,Upto 5k,2,2,2,2,2.0,No,2,2,1,3,Travel_Rarely,Single,9,3,Marketing,1,0,13,3,3,428,52,14630,3,1
RM1251,1753,29,26-35,Male,Research & Development,Healthcare Representative,No,0,6294,5k-10k,10,3,2,0,2.0,Yes,3,4,4,4,Travel_Frequently,Single,1,3,Life Sciences,8,0,12,3,4,461,70,23060,5,2
RM1259,1762,29,26-35,Female,Research & Development,Research Scientist,No,0,2109,Upto 5k,1,1,0,0,0.0,No,1,4,2,3,Travel_Rarely,Divorced,4,3,Technical Degree,1,1,13,3,3,590,91,10007,2,1
RM1314,1844,29,26-35,Male,Human Resources,Human Resources,Yes,1,2335,Upto 5k,4,2,2,2,0.0,Yes,1,1,2,3,Travel_Rarely,Divorced,13,3,Human Resources,4,3,15,3,4,350,56,3157,3,1
RM1319,1852,29,26-35,Male,Research & Development,Laboratory Technician,No,0,3812,Upto 5k,11,11,8,3,10.0,No,4,4,3,4,Travel_Frequently,Married,20,1,Medical,1,0,13,3,2,574,40,7003,3,1
RM1325,1859,29,26-35,Male,Research & Development,Healthcare Representative,No,0,6384,5k-10k,11,7,0,1,6.0,No,3,4,1,3,Travel_Rarely,Divorced,29,1,Life Sciences,8,2,17,3,4,726,93,21143,3,2
RM1330,1865,29,26-35,Male,Human Resources,Human Resources,No,0,2804,Upto 5k,1,1,0,0,0.0,No,2,4,2,3,TravelRarely,Married,6,1,Medical,1,0,11,3,4,352,87,15434,3,1
RM1333,1868,29,26-35,Male,Research & Development,Research Scientist,Yes,1,2439,Upto 5k,1,1,0,1,0.0,Yes,4,4,2,2,Travel_Frequently,Single,24,2,Life Sciences,1,0,24,4,2,459,73,14753,3,1
RM1344,1883,29,26-35,Male,Research & Development,Laboratory Technician,No,0,2062,Upto 5k,11,3,2,1,2.0,No,1,4,3,3,Travel_Rarely,Single,7,3,Life Sciences,3,0,14,3,2,592,59,19384,2,1
RM1366,1928,29,26-35,Male,Sales,Sales Representative,Yes,1,1091,Upto 5k,1,1,0,0,0.0,No,1,3,4,3,Travel_Frequently,Single,24,3,Technical Degree,1,0,17,3,4,746,45,10642,3,1
RM1388,1954,29,26-35,Male,Research & Development,Healthcare Representative,No,0,5373,5k-10k,6,5,3,0,2.0,No,1,1,3,2,Travel_Rarely,Married,1,3,Life Sciences,0,1,12,3,1,136,89,6225,5,2
RM1443,2027,29,26-35,Male,Research & Development,Research Scientist,Yes,1,4787,Upto 5k,4,2,2,2,2.0,Yes,4,1,3,4,Travel_Rarely,Married,1,4,Medical,9,3,14,3,2,1092,36,26124,3,1
RM1460,2053,29,26-35,Male,Research & Development,Laboratory Technician,No,0,4025,Upto 5k,10,4,3,0,3.0,Yes,2,4,2,3,Travel_Rarely,Married,13,2,Other,4,1,13,3,1,1378,46,23679,2,2
RM1461,2054,29,26-35,Female,Research & Development,Research Scientist,No,0,3785,Upto 5k,5,5,4,0,4.0,No,1,4,2,1,Travel_Rarely,Single,28,4,Medical,1,0,14,3,2,468,73,8489,3,1
RM008,11,30,26-35,Male,Research & Development,Laboratory Technician,No,0,2693,Upto 5k,1,1,0,0,3.0,No,3,4,3,3,Travel_Rarely,Divorced,24,1,Life Sciences,1,1,22,4,2,1358,67,13335,2,1
RM033,41,30,26-35,Male,Research & Development,Laboratory Technician,No,0,2206,Upto 5k,10,10,0,1,8.0,No,3,4,2,3,Travel_Rarely,Single,9,2,Medical,1,0,13,3,1,125,83,16117,5,1
RM045,57,30,26-35,Female,Research & Development,Laboratory Technician,No,0,4011,Upto 5k,12,12,8,3,7.0,No,4,3,3,3,Travel_Frequently,Single,1,2,Medical,1,0,23,4,4,721,58,10781,2,2
RM081,104,30,26-35,Male,Research & Development,Laboratory Technician,No,0,5126,5k-10k,10,10,8,3,0.0,Yes,4,4,2,2,Travel_Rarely,Married,1,1,Life Sciences,1,2,12,3,3,852,55,15998,1,2
RM089,117,30,26-35,Male,Research & Development,Healthcare Representative,No,0,4152,Upto 5k,11,11,10,10,8.0,No,4,3,2,3,Travel_Rarely,Married,2,3,Life Sciences,1,3,19,3,1,288,99,15830,3,2
RM093,121,30,26-35,Female,Sales,Sales Executive,No,0,5209,5k-10k,11,11,8,2,7.0,Yes,2,3,2,2,Travel_Rarely,Divorced,4,2,Medical,1,3,12,3,2,1334,63,19760,4,2
RM121,159,30,26-35,Male,Research & Development,Research Scientist,No,0,2613,Upto 5k,10,10,7,0,9.0,No,3,1,1,2,Travel_Frequently,Divorced,23,3,Life Sciences,1,3,25,4,3,1312,96,22310,2,1
RM140,184,30,26-35,Male,Human Resources,Human Resources,No,0,6347,5k-10k,12,11,9,4,3.0,Yes,4,3,3,1,Travel_Rarely,Married,9,3,Human Resources,0,0,19,3,4,1240,48,13982,2,2
RM144,194,30,26-35,Female,Research & Development,Research Scientist,No,0,2632,Upto 5k,5,5,4,0,3.0,No,3,1,3,2,Travel_Rarely,Single,18,3,Life Sciences,1,0,14,3,3,438,75,23910,4,1
RM146,197,30,26-35,Female,Research & Development,Research Scientist,No,0,3204,Upto 5k,8,3,2,2,3.0,No,1,4,3,3,Travel_Rarely,Divorced,5,3,Technical Degree,5,1,14,3,4,201,84,10415,3,1
RM147,198,30,26-35,Male,Research & Development,Laboratory Technician,No,0,2720,Upto 5k,6,5,3,1,3.0,No,4,2,2,3,Travel_Rarely,Single,2,1,Medical,0,0,13,3,4,1427,35,11162,3,1
RM168,228,30,26-35,Female,Sales,Sales Executive,No,0,9419,5k-10k,12,10,9,7,4.0,No,4,2,3,3,Travel_Rarely,Married,5,3,Life Sciences,2,1,12,3,3,1339,41,8053,2,3
RM174,239,30,26-35,Male,Research & Development,Laboratory Technician,No,0,3072,Upto 5k,12,12,9,6,10.0,No,1,3,3,3,Non-Travel,Divorced,9,3,Medical,1,2,11,3,3,111,66,11012,4,2
RM212,292,30,26-35,Male,Research & Development,Manufacturing Director,No,0,8474,5k-10k,12,11,8,5,8.0,No,3,3,2,3,Non-Travel,Single,1,1,Life Sciences,1,0,22,4,3,829,88,20925,2,3
RM215,297,30,26-35,Female,Research & Development,Research Scientist,Yes,1,2657,Upto 5k,8,5,2,0,4.0,Yes,1,4,3,3,Travel_Rarely,Single,3,3,Technical Degree,5,0,11,3,3,1005,88,8556,5,1
RM217,299,30,26-35,Female,Sales,Sales Executive,Yes,1,6696,5k-10k,9,6,3,0,1.0,No,1,3,2,2,Travel_Frequently,Single,26,4,Marketing,5,0,15,3,3,334,52,22967,5,2
RM325,441,30,26-35,Female,Research & Development,Research Scientist,No,0,5775,5k-10k,11,10,8,1,9.0,No,4,4,3,3,Travel_Rarely,Married,28,2,Medical,1,2,13,3,4,1275,64,11934,2,2
RM339,456,30,26-35,Female,Sales,Sales Executive,No,0,6118,5k-10k,10,10,9,1,2.0,No,3,4,2,3,Travel_Rarely,Divorced,5,3,Marketing,1,3,13,3,3,570,30,5431,2,2
RM355,475,30,26-35,Female,Sales,Sales Executive,No,0,4736,Upto 5k,4,2,2,2,2.0,Yes,3,4,3,4,Non-Travel,Married,25,2,Technical Degree,7,1,12,3,2,641,85,6069,2,2
RM382,508,30,26-35,Male,Sales,Sales Representative,No,0,2476,Upto 5k,1,1,0,0,0.0,No,2,3,3,3,Travel_Rarely,Married,2,1,Technical Degree,1,1,18,3,1,202,72,17434,3,1
RM386,514,30,26-35,Male,Research & Development,Research Scientist,Yes,1,2285,Upto 5k,3,1,0,0,0.0,Yes,4,3,3,3,Travel_Frequently,Single,4,3,Technical Degree,9,0,23,4,3,464,40,3427,4,1
RM403,533,30,26-35,Female,Sales,Sales Executive,No,0,6577,5k-10k,6,5,4,4,4.0,No,3,2,3,3,Travel_Rarely,Single,12,3,Technical Degree,0,0,11,3,2,1082,83,19558,6,2
RM411,548,30,26-35,Female,Research & Development,Manufacturing Director,No,0,6091,5k-10k,11,5,4,0,2.0,No,4,3,1,3,Travel_Rarely,Single,2,3,Life Sciences,2,0,20,4,3,317,43,24793,2,2
RM420,562,30,26-35,Male,Research & Development,Laboratory Technician,No,0,2097,Upto 5k,9,5,3,1,4.0,No,4,3,3,1,Non-Travel,Married,3,3,Life Sciences,4,1,15,3,3,1400,53,16734,3,1
RM424,567,30,26-35,Female,Sales,Sales Executive,No,0,8412,5k-10k,10,9,8,7,8.0,No,1,3,3,3,Non-Travel,Married,22,4,Other,0,0,11,3,3,1398,69,2890,3,3
RM427,571,30,26-35,Female,Research & Development,Laboratory Technician,No,0,2564,Upto 5k,12,11,7,6,7.0,No,4,3,3,2,Non-Travel,Single,2,3,Medical,0,0,14,3,3,1116,49,7181,2,1
RM438,585,30,26-35,Male,Sales,Sales Representative,No,0,2983,Upto 5k,4,3,2,1,2.0,No,2,4,3,3,Travel_Rarely,Single,7,1,Marketing,0,0,14,3,1,413,57,18398,3,1
RM481,648,30,26-35,Male,Sales,Sales Representative,Yes,1,2033,Upto 5k,1,1,0,0,0.0,No,1,2,2,4,Travel_Frequently,Married,12,4,Life Sciences,1,1,18,3,3,448,74,14470,2,1
RM502,680,30,26-35,Female,Research & Development,Research Scientist,No,0,2083,Upto 5k,1,1,0,0,0.0,No,3,3,3,3,Travel_Frequently,Divorced,3,3,Medical,1,1,20,4,3,160,71,22653,2,1
RM546,747,30,26-35,Male,Sales,Sales Executive,No,0,5304,5k-10k,10,8,7,7,7.0,No,4,3,3,2,Travel_Rarely,Divorced,27,5,Marketing,7,1,23,4,4,501,99,25275,2,2
RM582,806,30,26-35,Male,Research & Development,Laboratory Technician,No,0,3833,Upto 5k,7,2,2,0,2.0,No,3,4,1,3,Travel_Rarely,Married,1,3,Life Sciences,3,2,21,4,3,921,38,24375,2,1
RM603,833,30,26-35,Female,Research & Development,Manufacturing Director,No,0,6877,5k-10k,12,0,0,0,0.0,Yes,4,3,2,2,Travel_Rarely,Single,2,3,Medical,5,0,24,4,2,946,52,20234,4,2
RM624,861,30,26-35,Male,Research & Development,Research Scientist,No,0,3761,Upto 5k,10,5,4,0,3.0,No,4,2,2,2,Travel_Frequently,Divorced,5,4,Life Sciences,9,1,12,3,2,1012,75,2373,3,1
RM703,982,30,26-35,Male,Sales,Sales Executive,No,0,7264,5k-10k,10,8,4,7,7.0,No,3,3,3,4,Travel_Rarely,Divorced,8,2,Other,5,1,11,3,1,231,62,9977,2,3
RM721,1004,30,26-35,Female,Research & Development,Research Scientist,Yes,1,2132,Upto 5k,7,5,2,0,1.0,Yes,3,1,3,3,Travel_Rarely,Married,22,3,Life Sciences,4,0,11,3,2,138,48,11539,2,1
RM731,1015,30,26-35,Female,Research & Development,Research Director,No,0,11416,10k-15k,9,8,7,1,7.0,Yes,1,2,4,2,Travel_Rarely,Married,8,2,Life Sciences,0,3,12,3,3,153,73,17802,4,3
RM733,1017,30,26-35,Female,Research & Development,Laboratory Technician,Yes,1,2422,Upto 5k,4,3,2,1,2.0,No,2,2,3,3,Travel_Frequently,Single,5,3,Medical,0,0,17,3,1,109,60,25725,3,1
RM783,1084,30,26-35,Male,Research & Development,Manufacturing Director,No,0,9957,5k-10k,7,6,2,0,2.0,No,1,3,3,2,Travel_Rarely,Married,20,3,Other,0,1,15,3,3,1176,85,9096,1,2
RM845,1179,30,26-35,Male,Sales,Sales Executive,No,0,6578,5k-10k,10,10,3,1,4.0,No,3,3,2,3,Travel_Rarely,Married,10,3,Marketing,1,1,18,3,1,852,72,2706,3,2
RM866,1211,30,26-35,Male,Sales,Sales Executive,No,0,4115,Upto 5k,8,4,3,0,3.0,No,1,3,3,3,Travel_Rarely,Divorced,29,4,Life Sciences,8,3,19,3,3,1329,61,13192,3,2
RM875,1224,30,26-35,Male,Research & Development,Laboratory Technician,No,0,3491,Upto 5k,10,10,7,8,9.0,No,3,3,3,2,Travel_Rarely,Divorced,7,4,Life Sciences,1,3,13,3,1,853,49,11309,4,2
RM887,1241,30,26-35,Male,Research & Development,Research Scientist,No,0,3579,Upto 5k,12,11,9,5,7.0,Yes,2,4,3,3,Travel_Rarely,Married,1,3,Medical,0,1,21,4,1,1465,63,9369,2,1
RM932,1298,30,26-35,Female,Research & Development,Manufacturing Director,No,0,4695,Upto 5k,10,8,4,1,7.0,Yes,3,3,3,3,Non-Travel,Single,9,2,Medical,7,0,18,3,3,879,72,12858,3,2
RM942,1311,30,26-35,Female,Research & Development,Laboratory Technician,No,0,4627,Upto 5k,10,9,2,6,7.0,No,4,1,2,3,Travel_Rarely,Married,6,3,Technical Degree,0,1,12,3,1,1138,48,23631,6,2
RM949,1321,30,26-35,Female,Research & Development,Manager,No,0,11916,10k-15k,9,9,1,0,8.0,Yes,1,2,3,3,Travel_Rarely,Married,17,4,Medical,1,2,23,4,4,634,95,25927,2,3
RM1014,1428,30,26-35,Female,Sales,Sales Executive,No,0,4779,Upto 5k,8,3,2,0,2.0,No,1,4,3,3,Travel_Rarely,Divorced,7,4,Marketing,7,2,14,3,2,855,73,12761,3,2
RM1050,1479,30,26-35,Male,Sales,Sales Executive,No,0,5301,5k-10k,4,2,1,2,2.0,No,3,4,3,2,Travel_Rarely,Married,16,1,Life Sciences,8,2,15,3,3,1358,96,2939,2,2
RM1053,1482,30,26-35,Male,Research & Development,Research Scientist,No,0,1274,Upto 5k,1,1,0,0,0.0,No,3,3,3,2,Non-Travel,Divorced,7,3,Technical Degree,1,2,13,3,2,990,64,7152,2,1
RM1065,1499,30,26-35,Male,Human Resources,Human Resources,No,0,2064,Upto 5k,6,5,3,1,3.0,No,3,3,3,4,Travel_Rarely,Divorced,1,3,Life Sciences,0,1,21,4,1,330,46,15428,3,1
RM1107,1562,30,26-35,Male,Sales,Sales Executive,Yes,1,9714,5k-10k,10,10,8,6,7.0,No,1,2,2,3,Travel_Rarely,Married,1,3,Life Sciences,1,1,11,3,4,740,64,5323,4,2
RM1110,1568,30,26-35,Male,Sales,Sales Executive,No,0,9250,5k-10k,9,4,2,1,3.0,No,2,3,3,3,Travel_Rarely,Married,29,4,Technical Degree,3,1,12,3,2,1288,33,17799,3,3
RM1142,1609,30,26-35,Male,Research & Development,Research Scientist,No,0,2141,Upto 5k,6,6,4,1,1.0,No,2,2,2,2,Travel_Rarely,Married,7,3,Medical,1,1,12,3,2,241,48,5348,3,1
RM1234,1729,30,26-35,Male,Research & Development,Research Scientist,No,0,2862,Upto 5k,10,10,0,0,8.0,No,4,2,3,2,Travel_Rarely,Married,16,1,Life Sciences,1,1,12,3,2,793,33,3811,2,1
RM1245,1745,30,26-35,Female,Research & Development,Research Scientist,No,0,4968,Upto 5k,10,9,7,0,7.0,No,1,4,2,3,Travel_Frequently,Single,2,4,Technical Degree,0,0,16,3,4,1312,78,26427,2,1
RM1247,1747,30,26-35,Female,Human Resources,Human Resources,Yes,1,2180,Upto 5k,6,4,2,1,2.0,No,4,3,2,2,Travel_Frequently,Divorced,8,3,Human Resources,6,1,11,3,3,600,66,9732,0,1
RM1252,1754,30,26-35,Male,Sales,Sales Executive,No,0,7140,5k-10k,12,7,7,1,7.0,No,1,3,2,3,Travel_Rarely,Divorced,15,2,Marketing,2,1,11,3,1,979,94,3088,2,3
RM1260,1763,30,26-35,Male,Research & Development,Healthcare Representative,No,0,5294,5k-10k,10,7,0,1,7.0,No,3,3,4,3,Travel_Rarely,Married,16,3,Life Sciences,3,1,16,3,3,305,58,9128,3,2
RM1297,1816,30,26-35,Female,Research & Development,Manufacturing Director,No,0,9667,5k-10k,9,7,7,0,2.0,No,3,1,3,3,Travel_Rarely,Single,10,3,Medical,9,0,14,3,2,1092,64,2739,3,3
RM1339,1876,30,26-35,Male,Sales,Sales Representative,Yes,1,1081,Upto 5k,1,1,0,0,0.0,No,4,2,3,2,Travel_Rarely,Single,9,3,Medical,1,0,13,3,3,945,89,16019,3,1
RM1413,1989,30,26-35,Male,Research & Development,Laboratory Technician,No,0,3748,Upto 5k,12,12,8,1,7.0,No,2,4,3,2,Travel_Rarely,Married,1,2,Medical,1,0,13,3,3,911,76,4077,6,1
RM013,16,31,26-35,Male,Research & Development,Research Scientist,No,0,2911,Upto 5k,5,5,2,4,3.0,No,3,1,3,2,Travel_Rarely,Divorced,26,1,Life Sciences,1,1,17,3,4,670,31,15170,1,1
RM059,76,31,26-35,Male,Research & Development,Laboratory Technician,No,0,5915,5k-10k,10,7,7,1,7.0,No,4,4,3,2,Travel_Rarely,Divorced,7,4,Life Sciences,3,1,22,4,4,655,48,9528,3,2
RM073,95,31,26-35,Male,Research & Development,Research Scientist,No,0,2501,Upto 5k,1,1,1,1,3.0,No,2,3,3,3,Travel_Rarely,Single,1,4,Medical,1,0,17,3,2,1082,87,18775,4,1
RM076,98,31,26-35,Female,Research & Development,Manufacturing Director,No,0,4424,Upto 5k,11,11,7,1,3.0,No,4,3,3,3,Travel_Rarely,Single,8,4,Life Sciences,1,0,23,4,4,746,61,20682,2,2
RM125,163,31,26-35,Male,Sales,Sales Executive,Yes,1,6172,5k-10k,12,7,7,7,7.0,Yes,3,2,1,2,Travel_Rarely,Married,6,4,Life Sciences,4,0,18,3,2,249,76,20739,3,2
RM133,175,31,26-35,Female,Sales,Sales Executive,Yes,1,4559,Upto 5k,4,2,2,2,2.0,Yes,3,2,1,3,Travel_Rarely,Married,20,3,Life Sciences,3,1,11,3,3,542,71,24788,2,2
RM181,246,31,26-35,Female,Research & Development,Research Scientist,No,0,3929,Upto 5k,7,4,2,0,2.0,Yes,4,3,3,3,Travel_Rarely,Married,12,1,Medical,8,1,23,4,3,140,95,6984,0,1
RM225,308,31,26-35,Male,Research & Development,Manufacturing Director,No,0,4345,Upto 5k,6,5,4,1,4.0,No,3,3,1,3,Non-Travel,Married,1,4,Medical,0,1,12,3,4,979,90,4381,2,2
RM246,337,31,26-35,Male,Research & Development,Research Director,No,0,13675,10k-15k,9,2,2,2,2.0,No,3,2,3,3,Travel_Frequently,Divorced,3,4,Medical,9,1,12,3,1,1327,73,13523,3,3
RM260,355,31,26-35,Male,Research & Development,Laboratory Technician,Yes,1,3479,Upto 5k,6,5,4,1,4.0,No,2,3,2,4,Travel_Frequently,Single,29,2,Medical,0,0,11,3,2,307,71,11652,2,1
RM267,367,31,26-35,Male,Research & Development,Healthcare Representative,No,0,5582,5k-10k,10,9,0,7,8.0,No,4,2,2,3,Travel_Rarely,Married,23,3,Medical,0,1,21,4,2,1463,64,14408,2,2
RM293,399,31,26-35,Female,Sales,Sales Representative,No,0,2789,Upto 5k,2,2,2,2,2.0,No,2,4,3,2,Travel_Frequently,Divorced,5,3,Marketing,1,1,11,3,3,444,84,3909,5,1
RM304,416,31,26-35,Male,Sales,Sales Executive,No,0,6929,5k-10k,10,8,7,7,7.0,No,4,2,4,2,Travel_Rarely,Married,7,3,Technical Degree,4,1,11,3,2,218,100,12241,3,2
RM310,423,31,26-35,Male,Research & Development,Research Scientist,No,0,4821,Upto 5k,6,5,2,0,3.0,Yes,4,3,3,3,Travel_Rarely,Married,5,4,Technical Degree,0,1,12,3,3,691,86,10077,4,1
RM311,424,31,26-35,Male,Human Resources,Human Resources,No,0,6410,5k-10k,9,2,2,1,0.0,No,1,1,2,3,Travel_Rarely,Married,2,3,Human Resources,3,0,12,3,4,106,62,17822,1,2
RM313,426,31,26-35,Male,Research & Development,Research Scientist,No,0,2695,Upto 5k,3,2,2,2,2.0,Yes,4,3,3,1,Travel_Rarely,Divorced,2,4,Life Sciences,0,1,18,3,2,192,32,7747,2,1
RM322,438,31,26-35,Male,Sales,Sales Executive,No,0,7547,5k-10k,13,7,7,1,7.0,No,4,4,3,3,Travel_Rarely,Divorced,7,3,Marketing,4,3,12,3,4,691,73,7143,3,2
RM326,442,31,26-35,Female,Research & Development,Manufacturing Director,No,0,8943,5k-10k,10,10,9,8,9.0,No,3,3,2,3,Travel_Frequently,Married,7,2,Life Sciences,1,1,24,4,1,798,48,14034,2,3
RM343,462,31,26-35,Female,Research & Development,Manufacturing Director,No,0,7143,5k-10k,11,11,9,4,10.0,Yes,4,3,3,2,Travel_Rarely,Single,7,4,Medical,1,0,14,3,3,1232,39,25713,2,3
RM370,493,31,26-35,Male,Research & Development,Research Scientist,No,0,2657,Upto 5k,3,2,2,2,2.0,Yes,2,3,2,3,Travel_Rarely,Single,9,4,Life Sciences,0,0,16,3,4,408,42,7551,5,1
RM395,524,31,26-35,Female,Research & Development,Manufacturing Director,No,0,4306,Upto 5k,13,13,10,3,12.0,No,1,2,3,1,Travel_Rarely,Married,7,2,Medical,1,1,12,3,2,480,31,4156,5,2
RM400,530,31,26-35,Male,Research & Development,Laboratory Technician,No,0,2218,Upto 5k,4,4,2,3,2.0,No,1,4,2,3,Travel_Rarely,Married,1,2,Life Sciences,1,1,12,3,3,329,98,16193,3,1
RM435,581,31,26-35,Male,Research & Development,Manufacturing Director,No,0,10648,10k-15k,13,13,8,0,8.0,No,2,3,3,4,Travel_Rarely,Divorced,9,1,Life Sciences,1,1,25,4,4,1274,33,14394,6,3
RM440,587,31,26-35,Male,Research & Development,Healthcare Representative,Yes,1,9824,5k-10k,12,1,0,0,0.0,No,3,1,3,3,Travel_Frequently,Married,20,3,Life Sciences,3,0,12,3,1,534,66,22908,2,3
RM451,604,31,26-35,Male,Sales,Sales Executive,No,0,6582,5k-10k,10,6,5,0,5.0,Yes,4,2,3,4,Travel_Rarely,Single,2,1,Life Sciences,4,0,13,3,3,828,77,8346,2,2
RM457,613,31,26-35,Male,Sales,Manager,No,0,11557,10k-15k,10,5,4,0,1.0,No,4,3,2,2,Travel_Rarely,Divorced,7,3,Life Sciences,9,1,21,4,3,688,44,25291,3,3
RM483,650,31,26-35,Male,Sales,Sales Executive,Yes,1,4233,Upto 5k,9,3,1,1,2.0,No,1,2,3,1,Travel_Rarely,Divorced,13,4,Medical,2,0,17,3,3,1365,46,11512,2,2
RM485,653,31,26-35,Male,Sales,Sales Executive,No,0,5460,5k-10k,13,7,7,5,7.0,No,4,1,4,4,Travel_Rarely,Divorced,6,4,Medical,4,2,22,4,4,525,66,6219,4,2
RM645,895,31,26-35,Male,Research & Development,Research Scientist,No,0,2356,Upto 5k,8,6,4,0,2.0,Yes,4,4,3,3,Travel_Rarely,Married,11,4,Life Sciences,3,1,19,3,2,1222,48,14871,2,1
RM676,941,31,26-35,Male,Sales,Sales Representative,No,0,2329,Upto 5k,13,7,7,5,2.0,No,3,2,2,4,Travel_Rarely,Married,7,4,Life Sciences,3,0,15,3,2,154,41,11737,2,1
RM680,947,31,26-35,Female,Sales,Sales Executive,No,0,6932,5k-10k,9,9,8,0,0.0,No,3,4,3,2,Non-Travel,Married,20,2,Marketing,1,1,13,3,4,1188,45,24406,2,2
RM691,961,31,26-35,Female,Research & Development,Healthcare Representative,No,0,5855,5k-10k,10,9,7,8,5.0,Yes,4,4,3,1,Travel_Rarely,Married,12,3,Medical,0,2,11,3,3,616,41,17369,2,2
RM710,991,31,26-35,Male,Research & Development,Research Scientist,Yes,1,2321,Upto 5k,4,3,2,1,2.0,Yes,1,3,2,3,Non-Travel,Single,9,2,Medical,0,0,22,4,1,335,46,10322,0,1
RM727,1011,31,26-35,Female,Research & Development,Manufacturing Director,No,0,4148,Upto 5k,4,4,3,0,3.0,No,1,3,3,3,Travel_Frequently,Married,1,1,Life Sciences,1,1,12,3,3,853,96,11275,1,2
RM819,1135,31,26-35,Male,Sales,Sales Representative,No,0,2791,Upto 5k,3,2,2,2,2.0,No,4,3,4,3,Travel_Frequently,Married,20,3,Life Sciences,0,1,12,3,1,793,67,21981,4,1
RM832,1160,31,26-35,Male,Research & Development,Laboratory Technician,Yes,1,2610,Upto 5k,2,2,2,2,2.0,No,3,3,3,2,Travel_Frequently,Married,15,3,Medical,1,1,12,3,3,874,72,6233,5,1
RM896,1251,31,26-35,Male,Research & Development,Healthcare Representative,No,0,6833,5k-10k,6,6,5,0,1.0,Yes,1,3,3,2,Travel_Rarely,Married,11,2,Medical,1,0,12,3,4,1332,80,17089,2,2
RM897,1252,31,26-35,Female,Research & Development,Healthcare Representative,No,0,6812,5k-10k,10,10,9,1,8.0,No,1,3,2,3,Travel_Rarely,Single,24,3,Medical,1,0,19,3,2,1062,96,17198,2,2
RM951,1324,31,26-35,Female,Sales,Sales Executive,No,0,9852,5k-10k,10,10,8,9,6.0,Yes,3,4,3,2,Non-Travel,Divorced,2,4,Life Sciences,1,1,19,3,1,587,57,8935,5,3
RM953,1331,31,26-35,Female,Sales,Sales Representative,Yes,1,2302,Upto 5k,3,3,2,2,2.0,Yes,2,4,3,4,Travel_Frequently,Single,1,3,Life Sciences,1,0,11,3,1,1060,54,8319,2,1
RM981,1379,31,26-35,Female,Sales,Sales Representative,Yes,1,2785,Upto 5k,3,1,0,0,0.0,No,4,3,2,4,Travel_Frequently,Single,2,3,Life Sciences,7,0,14,3,3,703,90,11882,3,1
RM986,1389,31,26-35,Male,Research & Development,Manufacturing Director,Yes,1,6179,5k-10k,10,10,2,6,7.0,Yes,3,4,3,2,Travel_Rarely,Married,22,4,Medical,1,2,15,3,4,330,98,21057,3,2
RM1013,1427,31,26-35,Female,Sales,Sales Representative,Yes,1,1359,Upto 5k,1,1,0,0,0.0,No,3,2,1,3,Travel_Frequently,Single,1,4,Life Sciences,1,0,12,3,2,667,50,16154,3,1
RM1015,1430,31,26-35,Female,Research & Development,Research Director,No,0,16422,15k+,9,3,2,1,0.0,No,2,1,3,4,Travel_Rarely,Single,8,5,Life Sciences,3,0,11,3,3,182,93,8847,3,4
RM1017,1433,31,26-35,Female,Research & Development,Research Scientist,Yes,1,1261,Upto 5k,1,1,0,0,0.0,No,2,1,2,4,Travel_Rarely,Single,8,3,Life Sciences,1,0,12,3,3,202,34,22262,3,1
RM1031,1453,31,26-35,Male,Sales,Sales Executive,No,0,10793,10k-15k,13,13,7,9,9.0,No,4,1,3,3,Travel_Rarely,Divorced,8,2,Life Sciences,1,1,18,3,1,326,31,8386,5,3
RM1034,1459,31,26-35,Female,Research & Development,Manufacturing Director,Yes,1,7446,5k-10k,10,10,8,4,7.0,No,2,3,4,3,Travel_Frequently,Single,1,5,Life Sciences,1,0,11,3,1,1445,100,8931,2,3
RM1036,1461,31,26-35,Female,Human Resources,Human Resources,No,0,2109,Upto 5k,8,3,2,0,2.0,No,2,4,4,3,Travel_Rarely,Single,8,2,Medical,9,0,18,3,4,1398,96,24609,3,1
RM1037,1464,31,26-35,Male,Research & Development,Laboratory Technician,Yes,1,3722,Upto 5k,7,2,2,2,2.0,Yes,4,2,3,1,Travel_Frequently,Married,2,3,Life Sciences,6,1,13,3,3,523,94,21081,2,1
RM1086,1537,31,26-35,Female,Research & Development,Research Scientist,Yes,1,4084,Upto 5k,7,7,2,7,7.0,No,3,4,3,1,Travel_Frequently,Single,3,3,Life Sciences,1,0,12,3,1,561,33,4156,2,1
RM1145,1613,31,26-35,Male,Sales,Sales Executive,No,0,5332,5k-10k,10,5,2,0,3.0,No,1,4,3,3,Travel_Frequently,Single,2,4,Other,7,0,13,3,4,715,54,21602,3,2
RM1192,1673,31,26-35,Female,Sales,Sales Executive,No,0,5476,5k-10k,10,10,0,0,2.0,No,4,1,3,3,Travel_Rarely,Married,5,4,Life Sciences,1,2,11,3,1,1112,67,22589,2,2
RM1228,1721,31,26-35,Male,Research & Development,Laboratory Technician,No,0,3477,Upto 5k,6,5,2,0,3.0,No,3,2,3,4,Travel_Rarely,Married,2,4,Life Sciences,1,1,14,3,4,741,69,18103,2,1
RM1240,1736,31,26-35,Female,Research & Development,Manufacturing Director,No,0,5238,5k-10k,9,5,4,1,4.0,No,4,4,3,2,Travel_Frequently,Single,24,1,Technical Degree,2,0,20,4,4,163,30,6670,3,2
RM1248,1749,31,26-35,Male,Sales,Sales Executive,No,0,8346,5k-10k,6,5,2,0,2.0,No,3,1,3,3,Travel_Rarely,Married,5,3,Technical Degree,1,1,19,3,3,1003,51,20943,3,2
RM1258,1761,31,26-35,Male,Sales,Sales Executive,Yes,1,8161,5k-10k,10,1,0,0,0.0,No,3,1,3,3,Travel_Rarely,Married,16,4,Marketing,2,3,13,3,1,1079,70,19002,2,3
RM1275,1784,31,26-35,Female,Sales,Sales Executive,No,0,5468,5k-10k,13,12,7,5,7.0,No,4,1,2,3,Travel_Rarely,Married,29,4,Marketing,1,2,14,3,1,196,91,13402,3,2
RM1307,1833,31,26-35,Female,Sales,Sales Executive,No,0,9637,5k-10k,9,3,2,2,2.0,No,1,1,3,3,Travel_Frequently,Married,7,4,Marketing,2,2,14,3,4,1125,68,8277,3,3
RM1313,1842,31,26-35,Male,Human Resources,Human Resources,Yes,1,2956,Upto 5k,2,1,0,0,0.0,No,1,4,4,3,Travel_Rarely,Married,18,5,Human Resources,0,0,17,3,3,359,89,21495,4,1
RM1342,1881,31,26-35,Male,Research & Development,Laboratory Technician,No,0,4197,Upto 5k,10,10,8,0,2.0,No,3,2,3,3,Travel_Rarely,Divorced,20,3,Life Sciences,1,1,11,3,1,311,89,18624,2,2
RM1359,1912,31,26-35,Female,Sales,Sales Executive,No,0,6583,5k-10k,8,5,2,1,4.0,Yes,4,3,3,3,Travel_Rarely,Divorced,10,2,Medical,2,1,11,3,4,1079,86,20115,2,2
RM1361,1916,31,26-35,Female,Research & Development,Laboratory Technician,No,0,3978,Upto 5k,4,2,2,2,2.0,No,3,1,4,2,Travel_Rarely,Divorced,4,3,Medical,8,1,12,3,2,471,62,16031,0,1
RM1383,1948,31,26-35,Male,Research & Development,Research Scientist,No,0,3065,Upto 5k,4,4,2,2,3.0,Yes,1,3,3,4,Non-Travel,Divorced,3,2,Medical,1,1,13,3,4,976,48,3995,3,1
RM1390,1956,31,26-35,Male,Research & Development,Research Scientist,No,0,5003,5k-10k,10,10,8,8,7.0,No,1,4,1,3,Travel_Frequently,Married,1,3,Life Sciences,1,0,21,4,2,1125,48,5771,6,2
RM1396,1967,31,26-35,Male,Sales,Sales Executive,Yes,1,5617,5k-10k,10,10,7,0,8.0,Yes,4,1,3,3,Travel_Frequently,Married,26,4,Marketing,1,0,11,3,3,754,63,21075,4,2
RM1403,1974,31,26-35,Female,Research & Development,Laboratory Technician,No,0,1129,Upto 5k,1,1,0,0,0.0,Yes,4,4,1,3,Travel_Rarely,Divorced,2,1,Medical,1,3,11,3,3,1276,59,17536,4,1
RM1406,1979,31,26-35,Female,Research & Development,Research Director,No,0,11031,10k-15k,13,11,7,4,8.0,No,3,3,3,4,Non-Travel,Married,10,3,Medical,4,1,20,4,3,697,40,26862,2,3
RM1418,1996,31,26-35,Male,Sales,Sales Representative,No,0,3067,Upto 5k,3,2,2,1,2.0,No,3,1,3,3,Travel_Rarely,Married,2,2,Life Sciences,0,1,19,3,3,1154,54,6393,1,1
RM1464,2057,31,26-35,Male,Research & Development,Manufacturing Director,No,0,9936,5k-10k,10,9,4,1,7.0,No,1,2,3,3,Non-Travel,Single,5,3,Medical,0,0,19,3,2,325,74,3787,2,2
RM006,8,32,26-35,Male,Research & Development,Laboratory Technician,No,0,3068,Upto 5k,8,7,7,3,6.0,No,4,4,3,2,Travel_Frequently,Single,2,2,Life Sciences,0,0,13,3,3,1005,79,11864,2,1
RM017,21,32,26-35,Male,Research & Development,Research Scientist,No,0,3298,Upto 5k,7,6,2,0,5.0,Yes,2,1,4,2,Travel_Rarely,Divorced,5,2,Life Sciences,0,2,12,3,4,334,80,15053,5,1
RM027,33,32,26-35,Female,Research & Development,Research Scientist,Yes,1,3919,Upto 5k,10,10,2,6,3.0,Yes,1,2,1,3,Travel_Frequently,Single,16,1,Life Sciences,1,0,22,4,2,1125,72,4681,5,1
RM061,78,32,26-35,Male,Research & Development,Manufacturing Director,No,0,6162,5k-10k,9,9,8,7,8.0,Yes,4,1,3,3,Travel_Rarely,Married,1,3,Medical,1,1,22,4,2,427,33,10877,3,2
RM074,96,32,26-35,Male,Research & Development,Research Scientist,No,0,6220,5k-10k,10,10,4,0,3.0,No,2,2,3,3,Travel_Rarely,Married,1,3,Life Sciences,1,2,17,3,2,548,66,7346,3,2
RM095,125,32,26-35,Male,Sales,Sales Executive,No,0,5010,5k-10k,12,11,8,5,7.0,No,3,2,3,3,Travel_Rarely,Single,6,4,Medical,1,0,16,3,1,1093,87,24301,0,2
RM102,134,32,26-35,Male,Research & Development,Research Scientist,No,0,2956,Upto 5k,1,1,0,0,0.0,No,1,4,3,3,Travel_Rarely,Single,1,1,Life Sciences,1,0,13,3,4,827,71,15178,2,1
RM141,190,32,26-35,Female,Research & Development,Laboratory Technician,Yes,1,4200,Upto 5k,10,5,4,0,3.0,No,1,1,3,4,Travel_Rarely,Single,9,3,Medical,7,0,22,4,1,1033,41,10224,2,1
RM145,195,32,26-35,Male,Sales,Sales Executive,No,0,4668,Upto 5k,9,8,7,0,3.0,No,4,4,1,4,Travel_Frequently,Divorced,9,2,Medical,0,3,17,3,4,689,35,22812,2,2
RM155,207,32,26-35,Female,Sales,Sales Executive,No,0,8998,5k-10k,9,9,8,3,7.0,No,4,2,3,3,Travel_Frequently,Single,8,3,Marketing,1,0,14,3,4,967,43,15589,2,3
RM170,231,32,26-35,Male,Research & Development,Research Scientist,No,0,3038,Upto 5k,8,5,4,1,4.0,No,3,3,3,3,Travel_Rarely,Single,6,5,Life Sciences,3,0,20,4,1,120,43,12430,2,1
RM211,291,32,26-35,Male,Sales,Sales Executive,Yes,1,10400,10k-15k,14,14,8,9,3.0,No,4,4,1,2,Travel_Rarely,Married,4,4,Medical,1,0,11,3,3,1045,32,25812,2,3
RM239,330,32,26-35,Female,Sales,Sales Representative,No,0,3931,Upto 5k,6,4,3,1,2.0,No,2,3,3,3,Travel_Rarely,Married,4,2,Life Sciences,2,1,11,3,1,1401,56,20990,5,1
RM240,331,32,26-35,Male,Research & Development,Laboratory Technician,Yes,1,3730,Upto 5k,4,3,2,1,2.0,Yes,3,4,2,1,Travel_Rarely,Single,1,3,Life Sciences,0,0,14,3,4,515,62,9571,2,1
RM242,333,32,26-35,Male,Sales,Sales Executive,No,0,4465,Upto 5k,4,3,2,2,2.0,No,4,3,3,3,Non-Travel,Married,26,4,Marketing,0,0,18,3,1,976,100,12069,2,2
RM261,359,32,26-35,Male,Research & Development,Laboratory Technician,No,0,2794,Upto 5k,5,5,1,0,3.0,No,2,2,4,1,Travel_Frequently,Married,7,3,Life Sciences,1,0,20,4,3,1311,100,26062,3,1
RM263,362,32,26-35,Male,Research & Development,Laboratory Technician,No,0,2176,Upto 5k,9,6,2,0,4.0,No,1,4,2,3,Travel_Rarely,Single,2,1,Technical Degree,4,0,13,3,4,128,84,19737,5,2
RM307,420,32,26-35,Male,Sales,Sales Executive,No,0,5484,5k-10k,13,13,8,4,8.0,No,3,4,2,2,Travel_Rarely,Married,7,3,Life Sciences,1,1,14,3,3,906,91,16985,3,2
RM320,436,32,26-35,Female,Sales,Sales Executive,No,0,5228,5k-10k,13,13,12,11,9.0,Yes,2,3,2,3,Travel_Rarely,Married,8,2,Technical Degree,1,0,11,3,4,588,65,24624,2,2
RM323,439,32,26-35,Female,Research & Development,Research Scientist,No,0,5055,5k-10k,10,7,7,0,7.0,No,4,1,4,2,Travel_Rarely,Single,2,4,Medical,7,0,16,3,3,1018,74,10557,0,2
RM352,471,32,26-35,Female,Research & Development,Laboratory Technician,No,0,2370,Upto 5k,8,8,0,0,7.0,No,2,3,3,3,Travel_Rarely,Married,2,3,Medical,1,1,13,3,3,1062,75,3956,4,1
RM470,631,32,26-35,Male,Sales,Sales Executive,Yes,1,4707,Upto 5k,6,4,2,1,2.0,No,3,4,4,3,Non-Travel,Married,11,4,Other,8,0,12,3,4,1474,60,23914,2,2
RM501,679,32,26-35,Female,Research & Development,Research Scientist,No,0,6322,5k-10k,6,6,4,0,5.0,Yes,4,1,3,2,Travel_Rarely,Married,9,4,Life Sciences,1,1,12,3,4,646,92,18089,2,2
RM528,722,32,26-35,Male,Sales,Sales Executive,No,0,5396,5k-10k,10,10,7,0,8.0,No,4,4,3,2,Travel_Rarely,Single,10,3,Marketing,1,0,12,3,4,929,55,21703,2,2
RM532,727,32,26-35,Female,Research & Development,Research Director,No,0,11159,10k-15k,10,7,7,7,7.0,No,4,3,3,3,Travel_Rarely,Single,3,2,Life Sciences,3,0,15,3,4,1018,39,19373,6,3
RM559,772,32,26-35,Male,Research & Development,Laboratory Technician,No,0,5309,5k-10k,10,10,8,4,7.0,No,4,1,3,3,Travel_Frequently,Married,24,4,Life Sciences,1,2,15,3,4,430,80,21146,2,2
RM601,830,32,26-35,Female,Research & Development,Manufacturing Director,No,0,6162,5k-10k,14,14,13,6,8.0,No,3,3,2,3,Travel_Rarely,Married,4,3,Life Sciences,1,1,12,3,3,859,98,19124,3,2
RM623,859,32,26-35,Male,Sales,Sales Executive,No,0,4403,Upto 5k,8,5,2,0,3.0,No,4,2,3,2,Travel_Rarely,Divorced,13,4,Life Sciences,2,1,11,3,3,117,73,9250,3,2
RM627,865,32,26-35,Female,Research & Development,Research Scientist,No,0,5175,5k-10k,9,5,3,1,3.0,No,3,3,4,2,Travel_Rarely,Married,8,2,Medical,5,1,12,3,3,638,91,22162,3,2
RM638,882,32,26-35,Male,Research & Development,Laboratory Technician,No,0,2314,Upto 5k,4,3,0,0,2.0,No,4,4,3,3,Non-Travel,Divorced,1,3,Life Sciences,0,1,12,3,2,300,61,9148,2,1
RM642,889,32,26-35,Male,Sales,Sales Executive,No,0,6524,5k-10k,10,10,8,5,3.0,No,2,2,3,3,Travel_Frequently,Married,5,2,Life Sciences,1,1,14,3,4,379,48,8891,3,2
RM657,911,32,26-35,Male,Research & Development,Laboratory Technician,Yes,1,2795,Upto 5k,1,1,0,0,1.0,Yes,4,1,3,1,Travel_Rarely,Single,25,4,Life Sciences,1,0,24,4,3,374,87,18016,2,1
RM683,951,32,26-35,Female,Research & Development,Laboratory Technician,No,0,2332,Upto 5k,5,3,0,0,2.0,No,2,3,2,3,Non-Travel,Married,1,3,Life Sciences,6,0,20,4,3,1184,70,3974,3,1
RM693,966,32,26-35,Female,Research & Development,Manufacturing Director,No,0,6725,5k-10k,8,8,7,6,3.0,No,1,3,3,4,Travel_Rarely,Married,3,4,Medical,1,1,12,3,3,498,93,13554,2,2
RM757,1046,32,26-35,Female,Research & Development,Laboratory Technician,No,0,4025,Upto 5k,10,8,7,7,7.0,No,3,4,3,3,Non-Travel,Single,29,4,Medical,9,0,12,3,2,1109,69,11135,2,1
RM851,1190,32,26-35,Female,Sales,Sales Representative,No,0,2827,Upto 5k,1,1,0,0,0.0,No,1,3,3,3,Non-Travel,Divorced,2,1,Life Sciences,1,3,12,3,3,862,76,14947,3,1
RM881,1234,32,26-35,Female,Research & Development,Laboratory Technician,No,0,2743,Upto 5k,2,2,2,2,2.0,No,2,3,2,3,Travel_Frequently,Married,13,3,Other,1,1,20,4,3,116,77,7331,2,1
RM882,1235,32,26-35,Female,Research & Development,Research Scientist,No,0,4998,Upto 5k,10,8,7,0,7.0,Yes,3,4,3,3,Travel_Frequently,Single,2,2,Life Sciences,4,0,14,3,4,1316,38,2338,2,2
RM936,1304,32,26-35,Male,Sales,Sales Executive,No,0,6209,5k-10k,10,10,7,0,8.0,No,4,3,4,4,Travel_Rarely,Married,8,3,Medical,1,2,15,3,3,604,56,11693,4,2
RM940,1309,32,26-35,Male,Research & Development,Laboratory Technician,Yes,1,4883,Upto 5k,10,10,4,1,1.0,No,3,4,3,3,Travel_Rarely,Married,7,2,Life Sciences,1,1,18,3,1,1089,79,22845,3,2
RM992,1396,32,26-35,Male,Sales,Sales Executive,No,0,4078,Upto 5k,4,3,2,1,2.0,Yes,2,3,3,2,Travel_Rarely,Married,2,1,Marketing,0,3,13,3,1,499,36,20497,3,2
RM1027,1446,32,26-35,Male,Sales,Sales Executive,No,0,9204,5k-10k,7,4,3,0,3.0,No,4,4,3,2,Travel_Rarely,Married,7,5,Marketing,4,1,12,3,3,601,97,23343,3,2
RM1076,1516,32,26-35,Male,Research & Development,Manager,No,0,11244,10k-15k,10,5,2,0,0.0,No,4,3,3,4,Travel_Rarely,Single,10,3,Medical,2,0,25,4,2,495,64,21072,5,3
RM1102,1555,32,26-35,Female,Research & Development,Research Scientist,No,0,5878,5k-10k,12,7,1,2,5.0,No,2,4,2,3,Travel_Rarely,Married,5,2,Life Sciences,3,1,12,3,1,824,67,15624,2,2
RM1114,1574,32,26-35,Male,Research & Development,Research Scientist,No,0,4087,Upto 5k,9,6,5,1,2.0,No,1,4,3,2,Non-Travel,Married,1,4,Technical Degree,4,1,14,3,2,1200,62,25174,3,2
RM1140,1607,32,26-35,Female,Research & Development,Research Scientist,No,0,3312,Upto 5k,6,3,2,0,2.0,No,4,2,4,3,Travel_Rarely,Married,5,4,Other,3,2,17,3,4,634,35,18783,3,1
RM1191,1671,32,26-35,Male,Research & Development,Research Scientist,No,0,5470,5k-10k,10,9,5,1,6.0,No,2,4,3,2,Travel_Rarely,Divorced,2,3,Medical,0,2,13,3,3,977,45,25518,4,2
RM1206,1692,32,26-35,Male,Research & Development,Laboratory Technician,Yes,1,1393,Upto 5k,1,1,0,0,0.0,No,2,4,3,3,Travel_Rarely,Single,2,4,Life Sciences,1,0,12,3,1,1259,95,24852,2,1
RM1227,1720,32,26-35,Male,Research & Development,Research Scientist,No,0,3433,Upto 5k,10,5,2,1,3.0,No,3,1,3,2,Travel_Frequently,Married,10,3,Life Sciences,6,1,13,3,1,585,56,17360,3,1
RM1238,1734,32,26-35,Male,Sales,Sales Executive,Yes,1,6735,5k-10k,10,0,0,0,0.0,No,2,1,1,3,Travel_Rarely,Single,1,2,Life Sciences,6,0,15,3,2,964,34,12147,2,2
RM1242,1739,32,26-35,Male,Sales,Sales Executive,No,0,9610,5k-10k,10,4,3,0,2.0,No,3,4,1,1,Travel_Rarely,Married,19,3,Life Sciences,3,1,13,3,3,371,80,3840,2,3
RM1261,1764,32,26-35,Male,Research & Development,Research Scientist,No,0,2718,Upto 5k,12,7,7,0,7.0,No,2,2,3,3,Non-Travel,Single,5,4,Technical Degree,2,0,14,3,2,953,65,17674,3,1
RM1320,1853,32,26-35,Male,Sales,Sales Executive,No,0,4648,Upto 5k,4,0,0,0,0.0,No,4,4,3,4,Travel_Frequently,Single,10,4,Marketing,8,0,13,3,3,1318,79,26075,2,2
RM1327,1862,32,26-35,Male,Sales,Sales Executive,Yes,1,9907,5k-10k,7,2,2,2,2.0,Yes,2,3,2,2,Travel_Rarely,Single,2,4,Marketing,7,0,12,3,3,414,82,26186,3,2
RM1376,1939,32,26-35,Female,Research & Development,Research Scientist,Yes,1,2432,Upto 5k,8,4,1,0,3.0,Yes,3,1,4,3,Travel_Frequently,Single,5,2,Life Sciences,3,0,14,3,1,238,47,15318,2,1
RM1389,1955,32,26-35,Female,Research & Development,Healthcare Representative,No,0,6667,5k-10k,9,5,1,1,2.0,No,4,3,3,3,Non-Travel,Divorced,15,4,Medical,5,1,18,3,2,1146,34,16542,6,2
RM1395,1966,32,26-35,Male,Research & Development,Manufacturing Director,No,0,9679,5k-10k,8,1,0,0,0.0,No,4,4,2,3,Travel_Rarely,Single,5,4,Life Sciences,8,0,24,4,2,1373,56,10138,1,2
RM1427,2010,32,26-35,Female,Research & Development,Laboratory Technician,No,0,2837,Upto 5k,6,6,2,4,1.0,No,2,3,2,3,Travel_Rarely,Single,29,4,Life Sciences,1,0,13,3,3,267,49,15919,3,1
RM1429,2013,32,26-35,Male,Sales,Sales Representative,No,0,2269,Upto 5k,3,2,2,2,2.0,No,2,2,2,3,Travel_Rarely,Married,1,4,Medical,0,1,14,3,2,234,68,18024,2,1
RM1432,2016,32,26-35,Female,Sales,Sales Executive,No,0,10422,10k-15k,14,14,10,5,7.0,No,4,3,3,3,Travel_Rarely,Married,1,4,Marketing,1,2,19,3,3,801,48,24032,3,3
RM1450,2038,32,26-35,Male,Research & Development,Research Scientist,No,0,2439,Upto 5k,4,4,2,1,2.0,No,1,4,3,3,Travel_Rarely,Single,2,3,Technical Degree,1,0,14,3,4,529,78,11288,4,1
RM004,5,33,26-35,Female,Research & Development,Research Scientist,No,0,2909,Upto 5k,8,8,7,3,0.0,Yes,3,4,3,3,Travel_Frequently,Married,3,4,Life Sciences,1,0,11,3,3,1392,56,23159,3,1
RM031,39,33,26-35,Male,Research & Development,Laboratory Technician,No,0,2496,Upto 5k,7,1,1,0,3.0,No,4,3,3,3,Travel_Rarely,Single,2,3,Medical,4,0,11,3,4,924,78,6670,3,1
RM040,52,33,26-35,Female,Sales,Sales Executive,No,0,5376,5k-10k,10,5,3,1,3.0,No,1,3,4,3,Travel_Frequently,Married,1,3,Life Sciences,2,2,19,3,1,1141,42,3193,3,2
RM056,73,33,26-35,Female,Research & Development,Research Director,No,0,13458,10k-15k,15,15,14,8,12.0,Yes,4,1,3,3,Travel_Frequently,Single,1,2,Life Sciences,1,0,12,3,3,515,98,15146,1,3
RM122,160,33,26-35,Male,Sales,Sales Executive,No,0,6146,5k-10k,8,7,7,0,7.0,No,2,3,3,4,Non-Travel,Married,22,2,Marketing,0,1,13,3,1,750,95,15480,2,2
RM177,242,33,26-35,Male,Research & Development,Research Scientist,No,0,2500,Upto 5k,4,3,1,0,2.0,No,4,3,3,4,Travel_Rarely,Single,2,3,Life Sciences,0,0,14,3,1,134,90,10515,2,1
RM186,252,33,26-35,Female,Research & Development,Research Scientist,No,0,2756,Upto 5k,8,8,7,1,6.0,No,2,4,3,3,Travel_Rarely,Married,14,3,Medical,1,1,13,3,4,931,72,4673,5,1
RM222,305,33,26-35,Female,Research & Development,Research Scientist,No,0,2622,Upto 5k,7,3,2,1,1.0,No,2,3,2,3,Travel_Rarely,Married,4,4,Medical,6,0,21,4,4,147,47,13248,3,1
RM235,325,33,26-35,Male,Research & Development,Laboratory Technician,Yes,1,2436,Upto 5k,8,5,4,0,4.0,Yes,4,3,3,1,Travel_Rarely,Married,14,3,Medical,5,1,13,3,3,813,58,22149,2,1
RM237,328,33,26-35,Female,Research & Development,Laboratory Technician,Yes,1,2707,Upto 5k,13,9,7,1,7.0,No,1,1,3,4,Travel_Rarely,Married,2,2,Life Sciences,7,0,20,4,1,465,39,21509,3,1
RM247,338,33,26-35,Female,Research & Development,Research Scientist,No,0,2911,Upto 5k,2,2,2,0,2.0,No,4,3,2,2,Travel_Rarely,Married,5,4,Life Sciences,1,1,13,3,3,832,63,14776,2,1
RM314,428,33,26-35,Female,Research & Development,Manager,No,0,11878,10k-15k,12,10,6,8,8.0,No,2,4,3,3,Travel_Frequently,Married,5,4,Life Sciences,6,2,11,3,2,553,74,23364,2,3
RM329,446,33,26-35,Male,Sales,Sales Executive,No,0,4682,Upto 5k,9,7,7,0,1.0,No,4,2,2,2,Travel_Frequently,Single,10,3,Marketing,3,0,14,3,3,508,46,4317,6,2
RM364,485,33,26-35,Female,Sales,Sales Representative,Yes,1,2851,Upto 5k,1,1,0,0,0.0,Yes,3,4,3,3,Travel_Rarely,Single,5,3,Marketing,1,0,13,3,2,350,34,9150,2,1
RM436,582,33,26-35,Male,Research & Development,Manager,Yes,1,13610,10k-15k,15,7,6,7,7.0,Yes,3,2,3,4,Travel_Rarely,Married,15,1,Medical,7,0,12,3,4,1277,56,24619,2,3
RM437,584,33,26-35,Male,Research & Development,Laboratory Technician,Yes,1,3408,Upto 5k,8,4,3,1,3.0,No,4,1,1,3,Travel_Rarely,Divorced,10,1,Medical,7,3,13,3,1,587,38,6705,2,1
RM456,612,33,26-35,Female,Research & Development,Research Director,No,0,16184,15k+,10,6,1,0,5.0,No,3,1,4,3,Travel_Rarely,Divorced,1,5,Medical,4,1,19,3,3,922,95,22578,2,4
RM500,677,33,26-35,Male,Sales,Sales Executive,No,0,7104,5k-10k,6,5,0,1,2.0,No,3,3,3,3,Travel_Rarely,Divorced,8,4,Marketing,0,0,12,3,4,1216,39,20431,3,2
RM510,692,33,26-35,Male,Research & Development,Healthcare Representative,No,0,7725,5k-10k,15,13,11,4,7.0,No,4,3,3,1,Travel_Frequently,Divorced,6,3,Life Sciences,3,1,23,4,3,1296,30,5335,2,2
RM515,702,33,26-35,Male,Research & Development,Research Scientist,Yes,1,3348,Upto 5k,10,10,8,9,7.0,Yes,1,1,3,3,Travel_Frequently,Single,3,3,Life Sciences,1,0,11,3,1,1076,70,3164,3,1
RM563,780,33,26-35,Male,Research & Development,Research Scientist,Yes,1,2686,Upto 5k,10,10,9,7,8.0,Yes,4,4,3,2,Travel_Rarely,Single,1,4,Other,1,0,13,3,3,527,63,5207,2,1
RM591,817,33,26-35,Male,Research & Development,Research Director,No,0,11691,10k-15k,14,13,9,3,7.0,No,3,3,3,4,Travel_Rarely,Married,7,3,Medical,0,0,11,3,4,213,49,25995,3,3
RM592,819,33,26-35,Female,Sales,Sales Executive,Yes,1,5324,5k-10k,6,3,2,0,2.0,No,1,1,3,3,Travel_Rarely,Single,16,3,Marketing,5,0,15,3,3,118,69,26507,3,2
RM620,855,33,26-35,Male,Sales,Sales Executive,No,0,4037,Upto 5k,9,9,8,0,8.0,No,1,1,4,3,Travel_Rarely,Divorced,1,3,Medical,1,1,22,4,1,586,48,21816,5,2
RM656,910,33,26-35,Male,Human Resources,Human Resources,No,0,2277,Upto 5k,7,4,3,0,3.0,Yes,2,4,3,4,Travel_Rarely,Divorced,3,2,Human Resources,3,1,11,3,3,1075,57,22650,4,1
RM674,939,33,26-35,Male,Research & Development,Research Scientist,No,0,2799,Upto 5k,6,3,2,0,2.0,Yes,1,3,2,3,Travel_Rarely,Single,1,4,Other,3,0,11,3,2,1198,100,3339,1,1
RM695,969,33,26-35,Female,Research & Development,Healthcare Representative,No,0,6949,5k-10k,6,5,0,1,4.0,No,4,2,2,3,Travel_Rarely,Single,1,3,Life Sciences,0,0,14,3,1,1069,42,12291,3,2
RM711,992,33,26-35,Male,Sales,Manager,No,0,17444,15k+,10,10,8,6,0.0,No,3,4,3,3,Non-Travel,Single,17,3,Life Sciences,1,0,11,3,4,722,38,20489,2,4
RM713,995,33,26-35,Female,Research & Development,Research Scientist,No,0,3452,Upto 5k,5,3,2,0,2.0,No,4,2,3,3,Travel_Rarely,Single,13,1,Life Sciences,3,0,18,3,1,461,53,17241,4,1
RM716,998,33,26-35,Female,Research & Development,Healthcare Representative,No,0,5488,5k-10k,6,6,5,1,2.0,Yes,2,3,4,3,Travel_Frequently,Married,1,4,Other,1,1,13,3,1,827,84,20161,2,2
RM755,1044,33,26-35,Female,Sales,Sales Representative,No,0,2342,Upto 5k,3,2,2,2,2.0,No,4,2,2,2,Non-Travel,Single,8,1,Life Sciences,0,0,19,3,4,1038,88,21437,2,1
RM791,1099,33,26-35,Male,Research & Development,Healthcare Representative,No,0,7119,5k-10k,9,3,2,1,2.0,No,4,4,2,3,Travel_Rarely,Divorced,5,3,Life Sciences,4,1,15,3,3,654,34,21214,2,3
RM793,1101,33,26-35,Female,Research & Development,Research Scientist,Yes,1,4508,Upto 5k,14,13,7,3,8.0,No,3,1,2,3,Travel_Frequently,Single,29,4,Medical,1,0,22,4,2,827,54,3129,4,2
RM799,1108,33,26-35,Male,Research & Development,Research Scientist,Yes,1,2313,Upto 5k,5,2,2,2,2.0,Yes,2,1,2,3,Travel_Rarely,Single,25,3,Medical,4,0,20,4,2,1017,55,2993,0,1
RM803,1114,33,26-35,Female,Sales,Sales Executive,No,0,4302,Upto 5k,4,3,2,0,2.0,No,2,4,3,3,Travel_Frequently,Married,7,3,Life Sciences,0,1,17,3,3,970,30,13401,3,2
RM830,1157,33,26-35,Female,Sales,Sales Executive,Yes,1,8224,5k-10k,6,5,2,0,3.0,Yes,1,1,3,3,Travel_Rarely,Single,9,4,Marketing,0,0,17,3,1,603,77,18385,3,2
RM864,1207,33,26-35,Male,Human Resources,Human Resources,No,0,3600,Upto 5k,5,5,4,1,4.0,No,3,2,3,3,Travel_Rarely,Married,2,3,Human Resources,1,1,13,3,4,147,99,8429,2,1
RM873,1220,33,26-35,Female,Sales,Sales Executive,No,0,4539,Upto 5k,10,10,7,0,1.0,No,3,2,3,2,Travel_Frequently,Married,25,3,Medical,1,1,12,3,1,1146,82,4905,3,2
RM884,1238,33,26-35,Male,Research & Development,Research Scientist,No,0,2781,Upto 5k,15,14,10,4,10.0,No,4,1,3,3,Travel_Rarely,Married,9,3,Medical,0,1,13,3,2,117,60,6311,5,1
RM909,1268,33,26-35,Male,Sales,Sales Executive,No,0,8380,5k-10k,10,9,8,0,8.0,Yes,3,4,4,3,Travel_Rarely,Divorced,10,5,Marketing,0,2,14,3,4,536,82,21708,3,3
RM991,1395,33,26-35,Male,Sales,Sales Executive,No,0,9998,5k-10k,8,5,4,1,2.0,No,4,2,3,4,Travel_Frequently,Married,5,1,Life Sciences,6,0,13,3,1,1111,61,19293,2,2
RM1048,1477,33,26-35,Male,Sales,Sales Executive,No,0,4373,Upto 5k,5,4,3,0,3.0,No,1,4,3,3,Travel_Frequently,Married,7,3,Medical,0,2,14,3,1,430,54,17456,2,2
RM1067,1502,33,26-35,Female,Research & Development,Laboratory Technician,No,0,3838,Upto 5k,8,5,4,0,2.0,No,2,1,2,3,Travel_Rarely,Married,4,4,Medical,8,0,11,3,4,1099,82,8192,5,1
RM1075,1515,33,26-35,Male,Research & Development,Healthcare Representative,No,0,6388,5k-10k,14,0,0,0,0.0,Yes,3,4,3,3,Travel_Rarely,Single,8,5,Life Sciences,2,0,17,3,1,516,69,22049,6,2
RM1092,1545,33,26-35,Male,Research & Development,Manufacturing Director,No,0,4320,Upto 5k,5,5,3,0,2.0,No,2,4,2,3,Travel_Rarely,Single,25,3,Life Sciences,1,0,13,3,4,575,44,24152,2,2
RM1096,1549,33,26-35,Male,Research & Development,Laboratory Technician,No,0,5207,5k-10k,15,15,14,5,7.0,Yes,3,2,3,3,Travel_Rarely,Married,28,4,Life Sciences,1,1,12,3,2,589,79,22949,3,2
RM1106,1560,33,26-35,Male,Sales,Sales Executive,No,0,6392,5k-10k,8,2,2,2,2.0,No,1,1,3,1,Travel_Rarely,Married,8,4,Life Sciences,2,1,13,3,4,1242,46,10589,6,2
RM1190,1670,33,26-35,Male,Sales,Sales Executive,No,0,5505,5k-10k,6,6,2,0,4.0,No,4,4,3,3,Travel_Rarely,Divorced,2,4,Medical,1,2,14,3,3,392,93,3921,5,2
RM1199,1681,33,26-35,Female,Sales,Sales Executive,No,0,5368,5k-10k,7,6,5,1,2.0,Yes,4,3,3,3,Non-Travel,Divorced,16,3,Life Sciences,1,1,25,4,3,530,36,16130,2,2
RM1211,1698,33,26-35,Male,Research & Development,Laboratory Technician,No,0,2028,Upto 5k,14,14,11,2,13.0,No,2,2,4,3,Travel_Rarely,Married,21,3,Medical,1,3,18,3,4,267,79,13637,6,1
RM1254,1756,33,26-35,Female,Sales,Sales Executive,No,0,5147,5k-10k,13,11,7,1,7.0,No,2,4,3,2,Non-Travel,Single,2,3,Marketing,8,0,15,3,4,1283,62,10697,2,2
RM1256,1758,33,26-35,Female,Sales,Sales Executive,Yes,1,8564,5k-10k,11,0,0,0,0.0,Yes,1,1,3,2,Travel_Rarely,Single,16,3,Life Sciences,2,0,20,4,3,211,74,10092,2,3
RM1266,1771,33,26-35,Male,Research & Development,Research Scientist,No,0,3055,Upto 5k,11,9,8,1,7.0,No,2,4,3,2,Non-Travel,Divorced,4,3,Technical Degree,5,2,15,3,4,775,90,6194,2,2
RM1283,1798,33,26-35,Male,Research & Development,Research Scientist,No,0,3143,Upto 5k,14,10,8,7,6.0,No,1,4,4,3,Travel_Rarely,Married,8,4,Life Sciences,6,1,19,3,2,867,90,6076,1,1
RM1364,1924,33,26-35,Male,Sales,Sales Executive,No,0,5487,5k-10k,10,10,4,0,9.0,No,3,2,3,2,Travel_Rarely,Single,10,4,Marketing,1,0,14,3,2,217,43,10410,2,2
RM1399,1970,33,26-35,Male,Research & Development,Healthcare Representative,No,0,5968,5k-10k,9,9,7,2,8.0,No,3,4,3,3,Travel_Frequently,Divorced,7,2,Life Sciences,1,3,20,4,3,1303,36,18079,2,2
RM1416,1994,33,26-35,Male,Research & Development,Laboratory Technician,No,0,2008,Upto 5k,1,1,1,0,0.0,No,3,2,2,2,Non-Travel,Divorced,1,2,Medical,1,3,12,3,3,1313,59,20439,2,1
RM1426,2009,33,26-35,Female,Research & Development,Healthcare Representative,No,0,4878,Upto 5k,10,9,7,8,1.0,Yes,4,2,3,3,Travel_Rarely,Married,15,2,Medical,0,1,13,3,1,501,95,21653,6,2
RM014,18,34,26-35,Male,Research & Development,Laboratory Technician,No,0,2661,Upto 5k,3,2,2,1,2.0,No,4,2,3,3,TravelRarely,Divorced,19,2,Medical,0,1,11,3,3,1346,93,8758,2,1
RM023,28,34,26-35,Female,Research & Development,Research Director,No,0,11994,10k-15k,13,12,6,2,3.0,No,2,1,3,3,TravelRarely,Single,7,4,Life Sciences,0,0,11,3,3,419,53,21293,4,3
RM025,31,34,26-35,Male,Research & Development,Research Scientist,Yes,1,2960,Upto 5k,8,4,2,1,3.0,No,1,2,3,3,Travel_Rarely,Single,6,1,Medical,2,0,11,3,3,699,83,17102,2,1
RM047,60,34,26-35,Male,Sales,Sales Executive,No,0,4568,Upto 5k,10,9,5,8,7.0,No,3,2,3,3,Non-Travel,Single,23,4,Marketing,0,0,20,4,3,1065,72,10034,2,2
RM085,110,34,26-35,Male,Research & Development,Manufacturing Director,No,0,4325,Upto 5k,5,5,2,1,3.0,No,2,1,3,3,Travel_Rarely,Married,1,2,Medical,1,0,15,3,3,1153,94,17736,2,2
RM104,138,34,26-35,Female,Research & Development,Research Scientist,No,0,4809,Upto 5k,16,16,13,2,10.0,No,3,1,3,3,Travel_Rarely,Single,6,4,Other,1,0,14,3,3,665,41,12482,3,2
RM112,147,34,26-35,Male,Research & Development,Laboratory Technician,Yes,1,6074,5k-10k,9,9,7,0,6.0,Yes,3,1,1,3,Travel_Frequently,Single,7,3,Life Sciences,1,0,24,4,4,658,66,22887,3,2
RM115,151,34,26-35,Female,Research & Development,Research Scientist,No,0,4505,Upto 5k,12,1,0,0,0.0,No,2,3,2,3,Travel_Rarely,Divorced,6,4,Life Sciences,6,1,15,3,3,1031,45,15000,3,2
RM117,153,34,26-35,Female,Research & Development,Manager,No,0,11631,10k-15k,14,11,10,5,8.0,No,1,3,2,3,Travel_Rarely,Single,5,3,Medical,2,0,12,3,4,1354,45,5615,6,3
RM160,216,34,26-35,Female,Sales,Sales Representative,No,0,2231,Upto 5k,6,4,3,1,2.0,No,3,3,3,3,Travel_Frequently,Married,2,4,Marketing,6,1,18,3,4,303,75,11314,3,1
RM182,247,34,26-35,Female,Research & Development,Research Scientist,No,0,2311,Upto 5k,9,3,2,1,2.0,No,2,4,3,3,Travel_Rarely,Single,27,2,Medical,2,0,15,3,4,629,95,5711,3,1
RM189,256,34,26-35,Male,Research & Development,Manufacturing Director,No,0,9547,5k-10k,10,10,9,1,9.0,No,3,4,2,2,Travel_Frequently,Married,2,1,Life Sciences,1,0,17,3,3,1069,45,14074,2,2
RM203,277,34,26-35,Male,Research & Development,Research Scientist,No,0,3815,Upto 5k,5,5,3,2,0.0,Yes,3,4,3,4,Travel_Frequently,Divorced,10,4,Medical,1,1,17,3,4,878,43,5972,4,1
RM248,339,34,26-35,Male,Research & Development,Manufacturing Director,No,0,5957,5k-10k,13,11,9,5,9.0,No,1,4,2,3,Travel_Rarely,Married,2,4,Life Sciences,6,1,13,3,2,470,84,23687,3,2
RM379,502,34,26-35,Male,Sales,Sales Executive,Yes,1,5304,5k-10k,9,5,2,0,4.0,Yes,4,1,4,2,Non-Travel,Single,19,3,Marketing,8,0,13,3,2,1362,67,4652,3,2
RM394,523,34,26-35,Female,Sales,Sales Executive,No,0,6538,5k-10k,6,3,2,1,2.0,No,3,3,3,3,Non-Travel,Married,4,4,Marketing,9,1,15,3,1,1381,72,12740,3,2
RM416,555,34,26-35,Female,Sales,Sales Representative,Yes,1,2351,Upto 5k,3,2,2,1,0.0,No,3,4,1,2,Travel_Frequently,Divorced,6,2,Marketing,0,1,16,3,4,296,33,12253,3,1
RM433,579,34,26-35,Male,Research & Development,Research Scientist,No,0,2768,Upto 5k,14,7,3,5,7.0,No,3,4,2,3,Travel_Rarely,Divorced,2,4,Life Sciences,3,1,12,3,3,1303,62,8416,3,1
RM441,590,34,26-35,Female,Human Resources,Human Resources,Yes,1,9950,5k-10k,11,3,2,0,2.0,Yes,1,2,3,3,Travel_Frequently,Divorced,23,3,Human Resources,9,3,15,3,3,988,43,11533,2,3
RM463,621,34,26-35,Male,Sales,Sales Executive,No,0,5337,5k-10k,10,10,7,5,7.0,No,4,4,4,3,Travel_Rarely,Single,21,4,Life Sciences,1,0,12,3,4,258,74,19921,3,2
RM482,649,34,26-35,Male,Research & Development,Research Scientist,No,0,3622,Upto 5k,6,6,5,1,3.0,Yes,4,2,2,3,Travel_Rarely,Married,1,2,Life Sciences,1,1,13,3,4,254,83,22794,3,1
RM495,666,34,26-35,Female,Sales,Sales Representative,No,0,2579,Upto 5k,8,8,2,0,6.0,Yes,3,3,3,3,Travel_Rarely,Divorced,14,3,Technical Degree,1,2,18,3,4,204,31,2912,3,1
RM504,683,34,26-35,Male,Research & Development,Research Scientist,No,0,2691,Upto 5k,10,10,9,8,8.0,No,4,2,3,2,Travel_Rarely,Married,1,5,Life Sciences,1,1,12,3,4,1397,42,7660,4,1
RM525,717,34,26-35,Female,Research & Development,Healthcare Representative,No,0,8621,5k-10k,9,8,7,7,7.0,No,2,4,2,4,Travel_Rarely,Single,9,3,Medical,1,0,14,3,2,1442,46,17654,3,3
RM550,757,34,26-35,Female,Research & Development,Healthcare Representative,No,0,6142,5k-10k,10,5,1,4,3.0,No,3,2,3,3,Travel_Rarely,Single,8,2,Medical,3,0,11,3,4,970,96,7360,2,2
RM561,775,34,26-35,Female,Research & Development,Manufacturing Director,No,0,5121,5k-10k,7,0,0,0,0.0,No,1,2,3,3,Travel_Rarely,Divorced,8,5,Life Sciences,3,1,14,3,3,167,32,4187,3,2
RM568,786,34,26-35,Male,Sales,Sales Executive,No,0,6274,5k-10k,6,6,5,1,4.0,No,4,4,3,3,Travel_Rarely,Single,2,3,Other,1,0,22,4,3,304,60,18686,5,2
RM575,797,34,26-35,Female,Research & Development,Research Scientist,No,0,3280,Upto 5k,10,4,2,1,3.0,No,4,2,4,3,Travel_Rarely,Single,1,4,Life Sciences,2,0,16,3,3,182,72,13551,2,1
RM580,804,34,26-35,Female,Research & Development,Research Scientist,No,0,4381,Upto 5k,6,6,5,1,3.0,No,1,3,2,3,Travel_Rarely,Single,2,4,Medical,1,0,11,3,3,121,86,7530,3,1
RM584,808,34,26-35,Female,Sales,Sales Executive,No,0,6500,5k-10k,6,3,2,1,2.0,No,1,3,3,3,Travel_Rarely,Married,8,2,Life Sciences,5,1,17,3,2,1111,93,13305,1,2
RM607,838,34,26-35,Female,Research & Development,Research Scientist,No,0,2553,Upto 5k,6,5,2,1,3.0,No,4,3,2,3,Travel_Frequently,Single,16,4,Life Sciences,1,0,16,3,3,702,100,8306,3,1
RM614,847,34,26-35,Male,Human Resources,Human Resources,No,0,3737,Upto 5k,4,3,2,0,2.0,No,4,3,3,1,Travel_Rarely,Married,3,2,Human Resources,0,1,19,3,3,829,88,2243,1,1
RM672,934,34,26-35,Male,Research & Development,Laboratory Technician,No,0,2008,Upto 5k,1,1,0,1,0.0,No,2,2,3,3,Travel_Rarely,Divorced,10,3,Life Sciences,1,2,14,3,2,546,83,6896,3,1
RM758,1047,34,26-35,Male,Sales,Sales Executive,No,0,9725,5k-10k,16,15,1,0,9.0,No,4,2,4,2,Travel_Rarely,Divorced,1,4,Marketing,0,1,11,3,4,216,75,12278,2,2
RM764,1055,34,26-35,Female,Sales,Sales Representative,No,0,2220,Upto 5k,1,1,1,0,0.0,Yes,3,3,3,3,Travel_Rarely,Married,10,4,Life Sciences,1,1,19,3,4,1333,87,18410,2,1
RM795,1103,34,26-35,Male,Research & Development,Healthcare Representative,No,0,7756,5k-10k,7,6,2,0,4.0,No,4,1,3,2,Travel_Frequently,Single,3,1,Life Sciences,0,0,17,3,3,618,45,22266,1,2
RM804,1115,34,26-35,Male,Research & Development,Research Scientist,No,0,2979,Upto 5k,6,0,0,0,0.0,No,4,3,2,3,Non-Travel,Married,3,4,Life Sciences,3,3,17,3,4,697,40,22478,2,1
RM823,1140,34,26-35,Male,Research & Development,Manufacturing Director,No,0,4033,Upto 5k,5,3,2,0,2.0,No,3,4,3,2,Travel_Frequently,Single,2,2,Life Sciences,2,0,11,3,4,1003,95,15834,3,2
RM835,1163,34,26-35,Female,Sales,Sales Executive,No,0,5714,5k-10k,6,6,5,1,3.0,No,3,2,3,2,Travel_Rarely,Married,9,1,Life Sciences,1,0,20,4,1,1400,70,5829,3,2
RM848,1184,34,26-35,Male,Research & Development,Healthcare Representative,No,0,5343,5k-10k,14,13,9,4,9.0,No,1,4,2,3,Travel_Frequently,Single,1,3,Medical,0,0,20,4,3,669,97,25755,3,2
RM907,1265,34,26-35,Female,Research & Development,Research Scientist,No,0,2585,Upto 5k,2,1,0,0,0.0,No,3,3,4,2,Travel_Rarely,Married,20,3,Technical Degree,0,0,17,3,4,1320,89,21643,5,1
RM918,1281,34,26-35,Female,Sales,Sales Executive,No,0,4538,Upto 5k,4,3,2,0,2.0,Yes,1,3,3,3,Travel_Rarely,Single,2,3,Marketing,0,0,12,3,4,131,86,6039,3,2
RM921,1285,34,26-35,Female,Research & Development,Laboratory Technician,No,0,4444,Upto 5k,15,11,8,5,10.0,No,2,3,3,4,Travel_Frequently,Divorced,19,3,Medical,4,2,13,3,3,135,46,22534,2,2
RM924,1289,34,26-35,Male,Human Resources,Human Resources,No,0,4490,Upto 5k,14,10,9,1,8.0,No,2,3,2,4,Travel_Frequently,Married,11,3,Life Sciences,4,2,11,3,4,648,56,21833,5,2
RM959,1344,34,26-35,Male,Research & Development,Healthcare Representative,No,0,8500,5k-10k,10,9,7,1,6.0,No,4,4,3,2,Travel_Rarely,Divorced,9,3,Life Sciences,0,1,11,3,4,943,86,5494,0,3
RM965,1356,34,26-35,Female,Sales,Sales Executive,No,0,6125,5k-10k,10,10,8,9,6.0,No,1,3,3,4,Travel_Rarely,Single,15,2,Medical,1,0,12,3,4,507,66,23553,6,2
RM978,1374,34,26-35,Female,Research & Development,Research Scientist,No,0,2029,Upto 5k,5,5,4,0,0.0,No,3,1,2,3,Non-Travel,Divorced,26,1,Technical Degree,1,3,20,4,3,999,92,15891,2,1
RM980,1377,34,26-35,Male,Research & Development,Laboratory Technician,No,0,5429,5k-10k,10,8,7,7,7.0,No,3,2,3,3,Travel_Rarely,Married,29,3,Medical,4,2,13,3,1,285,86,17491,1,2
RM984,1383,34,26-35,Female,Research & Development,Healthcare Representative,No,0,6687,5k-10k,14,14,11,4,11.0,No,4,3,3,4,Travel_Rarely,Single,2,4,Technical Degree,1,0,11,3,4,404,98,6163,2,2
RM1016,1431,34,26-35,Male,Research & Development,Research Scientist,No,0,2996,Upto 5k,10,4,3,1,3.0,No,1,4,3,3,Travel_Frequently,Divorced,1,4,Other,5,2,14,3,3,560,91,20284,2,1
RM1028,1447,34,26-35,Female,Research & Development,Laboratory Technician,No,0,3294,Upto 5k,7,5,4,0,2.0,No,2,4,2,2,Travel_Rarely,Married,1,3,Life Sciences,5,1,17,3,1,401,86,3708,2,1
RM1040,1467,34,26-35,Female,Human Resources,Human Resources,Yes,1,2742,Upto 5k,2,2,2,2,2.0,No,3,1,3,3,Travel_Rarely,Married,9,4,Technical Degree,1,0,15,3,4,1107,52,3072,0,1
RM1049,1478,34,26-35,Male,Sales,Sales Executive,No,0,4759,Upto 5k,15,13,9,3,12.0,No,1,4,1,3,Travel_Rarely,Single,3,3,Other,3,0,18,3,4,1326,81,15891,2,2
RM1056,1485,34,26-35,Male,Research & Development,Research Director,No,0,17007,15k+,16,14,8,6,9.0,No,1,2,3,2,Travel_Frequently,Divorced,15,3,Medical,7,2,14,3,4,829,71,11929,3,4
RM1059,1489,34,26-35,Female,Sales,Sales Executive,Yes,1,4599,Upto 5k,16,15,9,10,10.0,Yes,2,1,2,4,Travel_Rarely,Single,24,4,Medical,0,0,23,4,3,790,40,7815,2,2
RM1085,1535,34,26-35,Male,Sales,Sales Executive,No,0,7083,5k-10k,10,10,9,8,6.0,Yes,3,4,2,3,Travel_Rarely,Married,1,3,Technical Degree,1,0,14,3,4,971,64,12288,3,3
RM1088,1541,34,26-35,Male,Sales,Sales Representative,No,0,2308,Upto 5k,12,11,10,5,7.0,Yes,3,2,3,3,Travel_Rarely,Married,7,2,Technical Degree,0,1,25,4,2,1440,55,4944,4,1
RM1116,1577,34,26-35,Male,Research & Development,Research Scientist,No,0,2972,Upto 5k,1,1,0,0,0.0,No,4,1,3,1,Travel_Rarely,Single,7,4,Medical,1,0,13,3,3,479,35,22061,4,1
RM1118,1580,34,26-35,Male,Research & Development,Research Scientist,No,0,5484,5k-10k,9,2,2,2,1.0,No,4,2,3,2,Travel_Rarely,Married,1,4,Life Sciences,9,1,17,3,2,1351,45,13008,3,2
RM1132,1597,34,26-35,Male,Research & Development,Healthcare Representative,No,0,5063,5k-10k,8,8,2,7,7.0,No,3,4,2,2,Travel_Frequently,Married,10,4,Technical Degree,1,1,14,3,2,653,92,15332,3,2
RM1147,1615,34,26-35,Male,Research & Development,Manufacturing Director,No,0,4724,Upto 5k,9,9,7,7,2.0,No,4,3,4,3,Travel_Frequently,Divorced,10,4,Life Sciences,1,1,13,3,1,426,42,17000,3,2
RM1180,1658,34,26-35,Female,Research & Development,Research Scientist,No,0,5433,5k-10k,11,11,8,7,9.0,No,2,4,3,3,Travel_Rarely,Divorced,3,3,Life Sciences,1,1,12,3,3,1130,66,19332,2,2
RM1209,1696,34,26-35,Male,Research & Development,Laboratory Technician,No,0,3986,Upto 5k,15,15,10,4,13.0,No,4,2,2,4,Travel_Rarely,Married,5,2,Medical,1,1,14,3,3,1157,57,11912,3,2
RM1213,1701,34,26-35,Female,Research & Development,Research Scientist,No,0,2929,Upto 5k,10,10,9,8,7.0,No,4,2,2,3,Travel_Rarely,Married,19,3,Life Sciences,1,0,12,3,2,678,35,20338,3,1
RM1253,1755,34,26-35,Male,Research & Development,Research Scientist,No,0,2932,Upto 5k,6,5,0,1,2.0,Yes,4,4,4,3,Travel_Rarely,Married,2,4,Medical,0,3,14,3,1,181,97,5586,3,1
RM1268,1774,34,26-35,Male,Sales,Sales Executive,No,0,4001,Upto 5k,15,15,14,0,7.0,Yes,3,4,3,3,Non-Travel,Divorced,10,3,Life Sciences,1,1,14,3,3,1375,87,12313,3,2
RM1271,1779,34,26-35,Female,Sales,Sales Executive,No,0,6029,5k-10k,6,2,2,2,2.0,No,4,4,1,3,Travel_Rarely,Single,3,2,Life Sciences,5,0,12,3,1,511,32,25353,3,2
RM1291,1807,34,26-35,Male,Research & Development,Laboratory Technician,Yes,1,5346,5k-10k,11,7,1,0,7.0,No,1,4,3,2,Travel_Frequently,Married,9,4,Life Sciences,4,1,17,3,3,234,93,6208,3,2
RM1301,1823,34,26-35,Male,Sales,Sales Executive,No,0,6799,5k-10k,10,10,8,4,8.0,No,3,2,4,3,Travel_Rarely,Married,8,2,Technical Degree,1,2,21,4,3,810,92,22128,5,2
RM1343,1882,34,26-35,Male,Sales,Sales Executive,No,0,9713,5k-10k,9,5,3,1,0.0,Yes,4,3,3,3,Travel_Rarely,Married,4,3,Life Sciences,2,3,13,3,4,1480,64,24444,3,3
RM1354,1905,34,26-35,Male,Research & Development,Research Scientist,Yes,1,2307,Upto 5k,5,5,2,3,0.0,Yes,1,4,1,3,Non-Travel,Married,16,4,Technical Degree,1,1,23,4,2,967,85,14460,2,1
RM1360,1915,34,26-35,Female,Sales,Sales Executive,No,0,8103,5k-10k,9,4,2,0,1.0,Yes,4,4,2,2,Travel_Rarely,Married,3,1,Medical,3,0,12,3,3,735,75,16495,3,2
RM1369,1932,34,26-35,Male,Research & Development,Research Scientist,No,0,5747,5k-10k,16,15,10,6,11.0,Yes,4,3,2,3,Travel_Frequently,Married,22,4,Other,1,0,15,3,2,735,86,26496,3,2
RM1385,1950,34,26-35,Male,Sales,Sales Executive,No,0,9888,5k-10k,14,14,8,2,1.0,No,4,1,3,2,Travel_Rarely,Single,1,3,Marketing,1,0,21,4,1,937,32,6770,3,3
RM1386,1951,34,26-35,Male,Sales,Sales Executive,No,0,8628,5k-10k,9,8,7,1,1.0,No,3,4,3,2,Travel_Rarely,Divorced,13,4,Medical,1,1,18,3,3,1239,39,22914,2,3
RM1447,2035,34,26-35,Female,Sales,Sales Executive,No,0,6712,5k-10k,8,8,7,1,7.0,No,3,4,2,3,Travel_Rarely,Married,28,3,Marketing,1,2,21,4,4,704,95,8978,2,2
RM1470,2068,34,26-35,Male,Research & Development,Laboratory Technician,No,0,4404,Upto 5k,6,4,3,1,2.0,No,3,2,4,4,TravelRarely,Married,8,3,Medical,2,0,12,3,1,628,82,10228,3,2
RM011,14,35,26-35,Male,Research & Development,Laboratory Technician,No,0,2426,Upto 5k,6,5,4,0,3.0,No,2,1,4,3,Travel_Rarely,Married,16,3,Medical,0,1,13,3,3,809,84,16479,5,1
RM038,49,35,26-35,Female,Sales,Sales Representative,No,0,2014,Upto 5k,2,2,2,2,2.0,No,4,4,3,3,Travel_Rarely,Married,2,3,Marketing,1,0,13,3,1,890,97,9687,3,1
RM041,53,35,26-35,Male,Research & Development,Laboratory Technician,No,0,1951,Upto 5k,1,1,0,0,0.0,No,4,3,3,3,Travel_Rarely,Divorced,4,2,Other,1,1,12,3,3,464,75,10910,3,1
RM050,63,35,26-35,Male,Research & Development,Laboratory Technician,No,0,2269,Upto 5k,1,1,0,0,1.0,No,4,4,4,3,Travel_Rarely,Married,8,1,Life Sciences,1,0,19,3,4,1229,36,4892,2,1
RM054,70,35,26-35,Male,Research & Development,Healthcare Representative,No,0,9884,5k-10k,10,4,0,2,3.0,Yes,1,3,2,3,Non-Travel,Married,11,2,Medical,2,1,13,3,3,1097,79,8302,3,3
RM057,74,35,26-35,Male,Sales,Sales Executive,No,0,9069,5k-10k,9,9,8,1,8.0,No,1,2,3,2,Travel_Frequently,Married,18,5,Life Sciences,1,1,22,4,4,853,71,11031,3,3
RM058,75,35,26-35,Female,Research & Development,Laboratory Technician,No,0,4014,Upto 5k,4,2,2,2,2.0,Yes,1,3,3,3,Travel_Rarely,Married,23,4,Medical,3,1,15,3,3,1142,30,16002,3,1
RM069,88,35,26-35,Male,Research & Development,Research Scientist,No,0,2194,Upto 5k,5,3,2,1,2.0,No,1,2,3,2,Travel_Frequently,Married,1,3,Medical,4,1,13,3,4,664,79,5868,2,1
RM077,100,35,26-35,Male,Sales,Sales Executive,No,0,4312,Upto 5k,16,15,13,2,3.0,No,1,3,2,3,Travel_Rarely,Single,1,4,Marketing,0,0,14,3,2,776,32,23016,2,2
RM082,105,35,26-35,Male,Research & Development,Research Scientist,No,0,2859,Upto 5k,6,6,4,0,4.0,No,3,2,2,3,Travel_Rarely,Single,1,3,Medical,1,0,18,3,1,1214,30,26278,3,1
RM152,204,35,26-35,Male,Sales,Sales Executive,No,0,7295,5k-10k,10,10,8,0,6.0,No,2,3,3,3,Travel_Rarely,Married,1,5,Marketing,1,2,13,3,1,662,94,11439,3,3
RM193,261,35,26-35,Male,Research & Development,Manufacturing Director,Yes,1,5916,5k-10k,8,1,0,0,1.0,Yes,3,2,2,3,Travel_Rarely,Married,23,2,Life Sciences,3,0,13,3,1,556,50,15497,1,2
RM197,269,35,26-35,Female,Research & Development,Laboratory Technician,No,0,4425,Upto 5k,10,6,2,1,2.0,No,2,2,3,3,Travel_Frequently,Single,2,3,Medical,5,0,11,3,4,138,37,15986,5,2
RM229,314,35,26-35,Female,Sales,Sales Executive,No,0,8789,5k-10k,10,10,7,0,8.0,No,3,3,3,4,Travel_Frequently,Single,1,3,Marketing,1,0,14,3,1,944,92,9096,3,3
RM277,381,35,26-35,Female,Research & Development,Manager,No,0,11996,10k-15k,10,7,7,6,2.0,No,2,2,4,2,Travel_Rarely,Divorced,22,3,Life Sciences,7,1,18,3,2,1315,71,19100,6,3
RM298,406,35,26-35,Male,Sales,Sales Executive,No,0,8020,5k-10k,12,11,9,6,9.0,No,2,3,3,2,Travel_Rarely,Married,16,3,Marketing,0,2,15,3,3,1232,96,5100,3,3
RM345,464,35,26-35,Male,Research & Development,Manufacturing Director,No,0,8095,5k-10k,17,16,6,0,13.0,No,2,3,3,3,Travel_Rarely,Single,5,4,Technical Degree,0,0,13,3,4,1296,62,18264,5,3
RM373,496,35,26-35,Male,Research & Development,Healthcare Representative,No,0,6540,5k-10k,10,1,1,0,0.0,No,2,3,2,3,Travel_Rarely,Single,9,4,Life Sciences,9,0,19,3,3,755,97,19394,5,2
RM431,577,35,26-35,Male,Research & Development,Laboratory Technician,No,0,4230,Upto 5k,6,5,4,4,3.0,No,3,4,1,3,Travel_Rarely,Single,22,3,Life Sciences,0,0,15,3,3,144,46,19225,2,1
RM439,586,35,26-35,Male,Research & Development,Healthcare Representative,No,0,7632,5k-10k,10,8,7,0,0.0,Yes,3,4,3,3,Travel_Rarely,Married,16,3,Life Sciences,4,0,12,3,3,1276,72,14295,2,3
RM448,600,35,26-35,Male,Sales,Sales Executive,No,0,4717,Upto 5k,15,11,9,6,9.0,No,3,2,3,3,Travel_Rarely,Married,1,3,Marketing,9,0,11,3,3,619,85,18659,2,2
RM462,620,35,26-35,Female,Sales,Sales Executive,No,0,4859,Upto 5k,5,5,4,0,3.0,No,3,1,3,3,Travel_Rarely,Single,1,3,Medical,1,0,16,3,4,195,80,6698,3,2
RM484,652,35,26-35,Male,Research & Development,Laboratory Technician,No,0,3681,Upto 5k,9,3,2,0,2.0,No,4,1,2,3,Travel_Rarely,Single,25,2,Other,4,0,14,3,4,538,54,14004,3,2
RM509,691,35,26-35,Male,Research & Development,Research Scientist,No,0,6646,5k-10k,17,17,11,11,8.0,No,4,2,1,3,Travel_Rarely,Single,6,4,Life Sciences,1,0,13,3,2,1017,82,19368,3,2
RM516,704,35,26-35,Male,Research & Development,Laboratory Technician,No,0,1281,Upto 5k,1,1,0,0,0.0,No,3,3,2,3,Non-Travel,Married,3,3,Life Sciences,1,2,18,3,3,727,41,16900,3,1
RM558,771,35,26-35,Female,Research & Development,Healthcare Representative,No,0,5093,5k-10k,16,1,0,0,0.0,No,1,4,3,4,Non-Travel,Divorced,2,4,Life Sciences,2,1,11,3,1,1225,61,4761,2,2
RM581,805,35,26-35,Female,Sales,Sales Representative,No,0,2572,Upto 5k,3,3,2,0,2.0,No,4,1,3,2,Travel_Rarely,Married,8,4,Life Sciences,1,1,16,3,2,384,72,20317,1,1
RM597,826,35,26-35,Female,Research & Development,Research Scientist,No,0,2506,Upto 5k,7,2,2,2,2.0,No,3,4,4,3,Travel_Rarely,Single,1,4,Life Sciences,3,0,13,3,3,1258,40,13301,0,1
RM612,845,35,26-35,Male,Research & Development,Manufacturing Director,No,0,10221,10k-15k,17,8,5,1,6.0,No,3,3,3,4,Travel_Rarely,Single,7,3,Other,3,0,21,4,2,950,59,18869,3,3
RM621,856,35,26-35,Female,Research & Development,Research Scientist,No,0,2559,Upto 5k,6,6,5,1,1.0,No,1,3,2,2,Travel_Rarely,Single,27,1,Medical,1,0,11,3,4,1343,53,17852,3,1
RM636,880,35,26-35,Female,Research & Development,Manufacturing Director,No,0,10685,10k-15k,17,17,14,5,15.0,Yes,3,4,2,3,Travel_Rarely,Married,9,3,Life Sciences,1,1,20,4,2,607,66,23457,2,3
RM637,881,35,26-35,Female,Research & Development,Research Scientist,Yes,1,2022,Upto 5k,10,10,2,7,8.0,Yes,2,4,3,2,Travel_Frequently,Divorced,25,4,Life Sciences,1,1,19,3,1,130,96,16612,3,1
RM648,899,35,26-35,Male,Research & Development,Manufacturing Director,No,0,10903,10k-15k,16,13,10,4,8.0,No,2,4,2,3,Travel_Rarely,Married,25,3,Technical Degree,3,0,16,3,1,672,78,9129,2,3
RM677,942,35,26-35,Female,Research & Development,Healthcare Representative,No,0,4014,Upto 5k,10,10,6,0,7.0,Yes,4,4,3,1,Travel_Rarely,Married,21,1,Life Sciences,1,1,25,4,4,1137,51,19170,2,2
RM699,975,35,26-35,Female,Sales,Sales Executive,No,0,4601,Upto 5k,5,5,2,1,0.0,No,3,3,3,3,Travel_Rarely,Married,18,3,Medical,1,0,16,3,2,1219,86,6179,3,2
RM705,984,35,26-35,Male,Sales,Sales Executive,No,0,7823,5k-10k,12,10,9,0,8.0,No,4,4,3,3,Travel_Rarely,Divorced,3,4,Life Sciences,6,1,13,3,2,882,92,6812,2,3
RM726,1010,35,26-35,Male,Research & Development,Laboratory Technician,Yes,1,3743,Upto 5k,5,4,2,0,2.0,Yes,2,3,2,1,Travel_Rarely,Divorced,14,4,Other,1,1,24,4,4,622,39,10074,2,1
RM730,1014,35,26-35,Female,Research & Development,Healthcare Representative,No,0,10388,10k-15k,16,16,10,10,1.0,Yes,3,3,3,2,Travel_Rarely,Divorced,25,4,Medical,1,1,11,3,3,583,57,6975,3,3
RM741,1028,35,26-35,Male,Research & Development,Laboratory Technician,No,0,3917,Upto 5k,3,3,2,1,2.0,No,4,2,3,2,Travel_Rarely,Divorced,10,3,Other,1,1,20,4,1,802,45,9541,4,1
RM792,1100,35,26-35,Male,Sales,Sales Executive,Yes,1,9582,5k-10k,9,8,7,4,7.0,Yes,1,4,3,3,Travel_Rarely,Single,4,3,Technical Degree,0,0,22,4,1,1204,86,10333,2,3
RM821,1137,35,26-35,Male,Sales,Sales Executive,No,0,4968,Upto 5k,5,5,2,0,2.0,No,4,4,3,3,Travel_Frequently,Divorced,11,2,Marketing,1,1,11,3,4,1182,54,18500,3,2
RM836,1164,35,26-35,Male,Human Resources,Human Resources,No,0,4323,Upto 5k,6,5,4,1,4.0,No,3,3,3,1,Travel_Rarely,Single,8,4,Technical Degree,1,0,17,3,2,528,100,7108,2,1
RM841,1172,35,26-35,Male,Research & Development,Laboratory Technician,No,0,2258,Upto 5k,10,8,0,1,7.0,No,3,4,2,3,Travel_Rarely,Married,1,4,Medical,6,1,12,3,2,982,58,16340,2,1
RM847,1182,35,26-35,Male,Research & Development,Manufacturing Director,No,0,10274,10k-15k,15,7,7,6,4.0,No,2,3,2,4,Travel_Rarely,Divorced,2,3,Life Sciences,2,1,18,3,2,819,44,19588,2,3
RM849,1185,35,26-35,Male,Research & Development,Laboratory Technician,No,0,2376,Upto 5k,2,2,2,2,2.0,No,4,4,2,4,Travel_Frequently,Married,4,4,Other,1,1,13,3,2,636,47,26537,2,1
RM871,1218,35,26-35,Male,Sales,Sales Executive,No,0,8966,5k-10k,15,7,7,1,7.0,Yes,1,3,3,3,Travel_Rarely,Married,17,4,Life Sciences,3,3,15,3,4,1361,94,21026,2,2
RM889,1243,35,26-35,Female,Sales,Sales Executive,No,0,10377,10k-15k,16,13,2,4,12.0,Yes,4,3,2,2,Non-Travel,Married,8,2,Marketing,4,1,11,3,2,1212,78,13755,6,3
RM925,1291,35,26-35,Male,Research & Development,Research Scientist,No,0,3506,Upto 5k,4,3,2,2,2.0,Yes,3,3,3,3,Travel_Rarely,Married,6,1,Life Sciences,0,0,14,3,4,735,66,6020,3,1
RM962,1350,35,26-35,Male,Research & Development,Research Scientist,No,0,4249,Upto 5k,9,9,6,1,1.0,Yes,3,3,3,3,Travel_Frequently,Single,4,4,Life Sciences,1,0,11,3,2,482,87,2690,3,2
RM974,1369,35,26-35,Female,Research & Development,Laboratory Technician,No,0,5363,5k-10k,10,9,7,0,0.0,No,4,4,2,3,Travel_Rarely,Married,1,3,Medical,0,1,12,3,2,817,60,10846,0,2
RM982,1380,35,26-35,Female,Sales,Sales Executive,Yes,1,4614,Upto 5k,5,4,2,3,2.0,Yes,3,4,3,2,Travel_Frequently,Married,18,4,Marketing,0,1,18,3,3,662,67,23288,0,2
RM1003,1412,35,26-35,Male,Research & Development,Manufacturing Director,No,0,9362,5k-10k,10,2,2,2,2.0,No,4,3,3,3,Travel_Frequently,Single,18,2,Life Sciences,2,0,11,3,3,200,60,19944,2,3
RM1060,1492,35,26-35,Male,Sales,Sales Representative,No,0,2404,Upto 5k,1,1,0,0,0.0,No,3,4,3,3,Travel_Rarely,Married,7,1,Life Sciences,1,1,13,3,1,660,76,16192,3,1
RM1082,1529,35,26-35,Female,Research & Development,Healthcare Representative,No,0,8606,5k-10k,11,11,8,3,3.0,No,2,4,2,1,Travel_Rarely,Single,16,3,Life Sciences,1,0,19,3,4,1029,91,21195,3,3
RM1101,1554,35,26-35,Female,Sales,Sales Representative,No,0,2430,Upto 5k,6,5,3,4,2.0,No,3,2,2,3,Travel_Rarely,Married,28,4,Life Sciences,0,2,23,4,1,1402,98,26204,5,1
RM1109,1564,35,26-35,Male,Research & Development,Laboratory Technician,No,0,2450,Upto 5k,3,3,0,1,2.0,No,1,4,2,3,Travel_Rarely,Single,1,3,Medical,1,0,19,3,2,992,68,21731,3,1
RM1111,1569,35,26-35,Female,Research & Development,Laboratory Technician,Yes,1,2074,Upto 5k,1,1,0,0,0.0,Yes,1,1,3,3,Travel_Rarely,Divorced,2,3,Life Sciences,1,1,12,3,4,104,69,26619,2,1
RM1124,1587,35,26-35,Female,Research & Development,Healthcare Representative,No,0,6142,5k-10k,10,5,2,0,4.0,Yes,3,1,3,3,Travel_Rarely,Single,10,4,Medical,3,0,16,3,3,670,51,4223,4,2
RM1131,1596,35,26-35,Male,Research & Development,Laboratory Technician,No,0,3407,Upto 5k,10,10,9,6,8.0,No,3,2,4,2,Travel_Rarely,Married,28,3,Life Sciences,1,2,17,3,4,750,46,25348,3,2
RM1135,1601,35,26-35,Male,Research & Development,Laboratory Technician,No,0,2690,Upto 5k,1,1,0,0,1.0,No,4,3,2,2,Travel_Rarely,Married,7,2,Life Sciences,1,1,18,3,4,1349,63,7713,5,1
RM1151,1621,35,26-35,Male,Research & Development,Research Scientist,No,0,5208,5k-10k,16,16,15,1,10.0,No,1,2,4,3,Travel_Rarely,Married,18,5,Life Sciences,1,0,11,3,4,819,48,26312,2,2
RM1158,1630,35,26-35,Female,Research & Development,Healthcare Representative,No,0,4148,Upto 5k,15,14,11,2,9.0,No,3,3,3,3,Non-Travel,Married,8,4,Life Sciences,1,1,12,3,4,208,52,12250,5,2
RM1163,1639,35,26-35,Male,Sales,Sales Executive,Yes,1,10306,10k-15k,15,13,12,6,0.0,No,1,4,2,3,Travel_Rarely,Married,10,3,Medical,9,0,17,3,3,737,55,21530,3,3
RM1168,1645,35,26-35,Male,Sales,Sales Executive,Yes,1,5440,5k-10k,7,2,2,2,2.0,Yes,4,1,1,2,Travel_Rarely,Divorced,15,2,Medical,6,2,14,3,4,763,59,22098,2,2
RM1187,1667,35,26-35,Male,Sales,Sales Executive,Yes,1,4581,Upto 5k,13,11,9,6,7.0,Yes,4,4,3,4,Travel_Frequently,Single,12,4,Other,3,0,24,4,1,880,36,10414,2,2
RM1216,1704,35,26-35,Male,Research & Development,Research Scientist,No,0,4930,Upto 5k,6,5,4,1,4.0,Yes,4,1,2,4,Travel_Frequently,Single,2,4,Medical,0,0,14,3,3,146,79,13970,2,1
RM1233,1728,35,26-35,Male,Research & Development,Manufacturing Director,No,0,6883,5k-10k,17,7,7,0,7.0,No,3,4,3,3,Travel_Rarely,Married,27,4,Life Sciences,2,1,16,3,2,1370,49,5151,3,2
RM1282,1797,35,26-35,Male,Sales,Sales Executive,Yes,1,5813,5k-10k,10,10,7,7,7.0,Yes,4,3,3,3,Travel_Rarely,Single,27,3,Life Sciences,1,0,18,3,4,303,84,13492,2,2
RM1289,1804,35,26-35,Male,Research & Development,Manufacturing Director,No,0,5762,5k-10k,15,7,7,1,7.0,No,4,2,3,3,Non-Travel,Divorced,2,2,Medical,2,1,14,3,3,1180,90,24442,6,2
RM1303,1826,35,26-35,Male,Research & Development,Laboratory Technician,No,0,2705,Upto 5k,6,5,4,0,3.0,No,3,2,1,4,Travel_Rarely,Married,23,4,Medical,0,1,16,3,2,185,91,9696,2,1
RM1346,1886,35,26-35,Female,Research & Development,Manufacturing Director,No,0,4788,Upto 5k,4,3,2,0,2.0,Yes,2,4,2,3,Travel_Rarely,Married,16,2,Other,0,0,11,3,4,219,44,25388,2,2
RM1381,1945,35,26-35,Male,Sales,Sales Executive,No,0,5561,5k-10k,6,5,3,0,4.0,No,1,2,3,1,Travel_Rarely,Married,18,4,Medical,0,1,16,3,4,682,71,15975,2,2
RM1393,1962,35,26-35,Female,Sales,Sales Executive,No,0,5204,5k-10k,10,10,8,0,9.0,Yes,4,3,3,3,Travel_Rarely,Married,7,4,Life Sciences,1,0,11,3,4,1224,55,13586,2,2
RM1423,2003,35,26-35,Male,Research & Development,Laboratory Technician,No,0,2660,Upto 5k,5,2,2,2,2.0,Yes,3,4,3,3,TravelRarely,Married,11,4,Medical,7,1,11,3,3,1490,43,20232,3,1
RM1425,2008,35,26-35,Male,Research & Development,Research Scientist,No,0,5098,5k-10k,10,10,7,0,8.0,No,3,2,3,3,Travel_Rarely,Single,9,4,Medical,1,0,19,3,2,1395,48,18698,5,2
RM1451,2040,35,26-35,Female,Human Resources,Human Resources,No,0,8837,5k-10k,9,9,0,1,7.0,Yes,4,3,3,3,Travel_Rarely,Single,26,4,Life Sciences,1,0,16,3,3,1146,31,16642,2,3
RM1457,2049,35,26-35,Male,Research & Development,Healthcare Representative,No,0,5689,5k-10k,10,10,2,0,2.0,Yes,3,3,3,4,Travel_Frequently,Married,18,4,Life Sciences,1,2,14,3,4,1199,80,24594,2,2
RM1459,2052,35,26-35,Female,Research & Development,Research Scientist,No,0,2977,Upto 5k,4,4,3,1,1.0,No,4,3,1,3,Travel_Rarely,Married,1,4,Life Sciences,1,1,12,3,4,287,62,8952,5,1
RM010,13,36,36-45,Male,Research & Development,Healthcare Representative,No,0,5237,5k-10k,17,7,7,7,7.0,No,3,3,3,2,Travel_Rarely,Married,27,3,Medical,6,2,13,3,2,1299,94,16577,3,2
RM022,27,36,36-45,Male,Sales,Sales Representative,Yes,1,3407,Upto 5k,10,5,3,0,3.0,No,1,3,2,3,Travel_Rarely,Single,9,4,Life Sciences,7,0,23,4,2,1218,82,6986,4,1
RM039,51,36,36-45,Female,Research & Development,Research Scientist,No,0,3419,Upto 5k,6,1,1,0,0.0,Yes,1,2,2,4,Travel_Rarely,Married,5,4,Life Sciences,9,1,14,3,4,852,82,13072,3,1
RM065,83,36,36-45,Female,Research & Development,Healthcare Representative,No,0,10096,10k-15k,17,17,14,12,8.0,No,3,3,3,3,Travel_Rarely,Divorced,8,3,Technical Degree,1,3,13,3,2,1223,59,8202,2,3
RM067,85,36,36-45,Male,Research & Development,Manufacturing Director,No,0,6499,5k-10k,6,6,5,0,3.0,No,2,2,2,3,Travel_Frequently,Single,11,3,Life Sciences,1,0,13,3,3,1195,95,22656,3,2
RM070,90,36,36-45,Male,Research & Development,Research Scientist,Yes,1,3388,Upto 5k,2,1,0,0,3.0,Yes,3,4,2,2,Travel_Rarely,Married,9,3,Medical,0,1,17,3,1,318,79,21777,0,1
RM075,97,36,36-45,Female,Research & Development,Laboratory Technician,No,0,3038,Upto 5k,5,1,0,0,3.0,No,4,2,4,3,Travel_Rarely,Married,6,3,Life Sciences,3,0,12,3,2,132,55,22002,3,1
RM118,154,36,36-45,Female,Sales,Sales Executive,No,0,9738,5k-10k,10,9,7,2,8.0,No,4,2,3,3,Travel_Frequently,Married,11,2,Technical Degree,0,1,14,3,3,1467,92,22952,6,3
RM119,155,36,36-45,Female,Research & Development,Laboratory Technician,No,0,2835,Upto 5k,7,1,0,0,0.0,No,4,1,3,3,Travel_Rarely,Divorced,3,2,Life Sciences,5,1,22,4,1,922,39,2561,2,1
RM136,178,36,36-45,Male,Research & Development,Manufacturing Director,No,0,4941,Upto 5k,7,3,2,0,1.0,No,2,2,3,3,Travel_Rarely,Divorced,6,2,Medical,6,2,20,4,4,216,84,2819,0,2
RM173,238,36,36-45,Male,Research & Development,Laboratory Technician,No,0,2088,Upto 5k,13,8,7,7,2.0,No,2,4,3,2,Travel_Frequently,Single,3,2,Medical,4,0,12,3,3,1480,30,15062,3,1
RM208,286,36,36-45,Female,Research & Development,Laboratory Technician,No,0,2153,Upto 5k,8,8,1,1,3.0,No,4,2,3,3,Travel_Frequently,Single,18,1,Medical,1,0,13,3,1,635,73,7703,2,1
RM221,304,36,36-45,Male,Research & Development,Laboratory Technician,No,0,5914,5k-10k,16,13,11,3,7.0,No,2,4,3,4,Travel_Rarely,Single,5,2,Life Sciences,8,0,16,3,4,1396,62,9945,3,2
RM270,373,36,36-45,Male,Research & Development,Laboratory Technician,No,0,3210,Upto 5k,16,15,13,10,11.0,No,4,4,3,3,Travel_Rarely,Married,6,3,Life Sciences,0,1,11,3,3,1403,47,20251,4,1
RM292,397,36,36-45,Male,Research & Development,Research Scientist,No,0,4485,Upto 5k,10,8,0,7,7.0,No,2,3,3,3,Travel_Rarely,Single,3,3,Technical Degree,4,0,12,3,4,506,30,26285,2,2
RM299,407,36,36-45,Male,Research & Development,Laboratory Technician,No,0,3688,Upto 5k,4,1,0,0,0.0,No,4,3,4,3,Travel_Frequently,Married,18,4,Life Sciences,4,2,18,3,4,566,81,7122,2,1
RM306,419,36,36-45,Female,Research & Development,Laboratory Technician,No,0,5674,5k-10k,11,9,8,0,8.0,No,2,2,3,3,Non-Travel,Married,24,4,Life Sciences,7,1,15,3,3,1105,47,6927,3,2
RM359,479,36,36-45,Female,Sales,Sales Executive,No,0,6653,5k-10k,7,1,0,0,3.0,No,4,4,3,3,Non-Travel,Single,1,5,Medical,4,0,15,3,2,845,45,15276,6,2
RM360,481,36,36-45,Male,Sales,Sales Executive,No,0,9699,5k-10k,16,13,9,1,3.0,No,4,1,2,3,Travel_Frequently,Married,3,4,Medical,4,1,11,3,1,541,48,7246,2,3
RM378,501,36,36-45,Female,Research & Development,Research Scientist,No,0,2543,Upto 5k,6,2,2,2,2.0,No,3,4,3,3,Travel_Rarely,Married,2,3,Life Sciences,4,1,13,3,2,329,96,11868,3,1
RM385,513,36,36-45,Male,Sales,Sales Executive,No,0,7596,5k-10k,10,10,9,9,0.0,No,3,2,2,3,Travel_Rarely,Married,2,2,Medical,1,2,13,3,2,164,61,3809,2,3
RM443,592,36,36-45,Male,Sales,Sales Executive,No,0,9980,5k-10k,10,10,3,9,7.0,No,4,2,3,2,Non-Travel,Single,10,4,Medical,1,0,14,3,4,635,32,15318,3,3
RM512,699,36,36-45,Male,Research & Development,Manufacturing Director,No,0,8847,5k-10k,13,3,2,0,2.0,Yes,2,2,2,3,Travel_Rarely,Divorced,9,2,Medical,2,1,11,3,3,913,48,13934,2,2
RM542,742,36,36-45,Female,Research & Development,Research Director,No,0,11713,10k-15k,10,8,7,0,5.0,No,1,1,4,3,Non-Travel,Married,8,3,Life Sciences,9,1,14,3,1,427,63,20335,2,3
RM570,789,36,36-45,Male,Sales,Sales Executive,No,0,7587,5k-10k,10,10,7,0,9.0,No,1,1,2,3,Non-Travel,Single,8,4,Life Sciences,1,0,15,3,2,1434,76,14229,1,3
RM594,823,36,36-45,Female,Research & Development,Manufacturing Director,No,0,5228,5k-10k,10,9,7,0,5.0,No,2,3,3,3,Travel_Rarely,Married,1,3,Other,0,1,15,3,1,676,35,23361,2,2
RM600,829,36,36-45,Male,Human Resources,Human Resources,No,0,2143,Upto 5k,8,5,2,0,4.0,No,2,3,3,3,Travel_Rarely,Married,13,3,Human Resources,4,1,13,3,2,1041,36,25527,2,1
RM622,857,36,36-45,Male,Sales,Sales Executive,No,0,6201,5k-10k,18,18,14,4,11.0,Yes,4,2,3,2,Travel_Rarely,Married,1,2,Life Sciences,1,1,14,3,4,928,56,2823,1,2
RM634,878,36,36-45,Male,Human Resources,Human Resources,No,0,2342,Upto 5k,6,5,4,0,3.0,No,1,1,2,3,Travel_Rarely,Married,8,3,Life Sciences,0,0,21,4,3,1278,77,8635,3,1
RM665,924,36,36-45,Male,Research & Development,Healthcare Representative,No,0,6586,5k-10k,17,16,8,4,11.0,Yes,4,3,3,2,Travel_Rarely,Married,14,1,Life Sciences,0,1,17,3,1,1425,68,4821,2,2
RM681,949,36,36-45,Male,Research & Development,Research Scientist,No,0,4678,Upto 5k,8,6,2,0,1.0,No,4,2,3,3,Travel_Rarely,Single,7,4,Other,2,0,18,3,3,188,65,23293,6,1
RM688,958,36,36-45,Male,Research & Development,Laboratory Technician,No,0,2519,Upto 5k,16,11,8,3,9.0,No,3,3,3,3,Travel_Rarely,Single,2,4,Medical,4,0,21,4,3,938,79,12287,6,1
RM694,967,36,36-45,Male,Sales,Sales Executive,Yes,1,10325,10k-15k,16,16,7,3,7.0,Yes,4,3,2,3,Travel_Rarely,Married,3,1,Life Sciences,1,1,11,3,1,530,51,5518,6,3
RM709,990,36,36-45,Male,Sales,Sales Executive,No,0,5079,5k-10k,12,7,7,0,7.0,No,4,1,3,3,Non-Travel,Divorced,8,4,Technical Degree,4,2,13,3,4,1229,84,25952,3,2
RM753,1042,36,36-45,Female,Research & Development,Laboratory Technician,Yes,1,2743,Upto 5k,18,17,13,15,14.0,No,1,3,4,3,Travel_Rarely,Single,16,4,Life Sciences,1,0,16,3,3,885,43,8269,1,1
RM762,1052,36,36-45,Male,Research & Development,Laboratory Technician,Yes,1,4834,Upto 5k,9,1,0,0,0.0,No,3,1,3,2,Travel_Rarely,Divorced,15,3,Other,7,1,14,3,2,660,81,7858,3,2
RM774,1073,36,36-45,Female,Research & Development,Manufacturing Director,No,0,8858,5k-10k,15,14,8,7,8.0,No,4,4,2,2,Travel_Rarely,Single,12,5,Medical,0,0,11,3,2,796,51,15669,2,3
RM818,1133,36,36-45,Male,Research & Development,Manufacturing Director,No,0,7779,5k-10k,18,11,9,0,9.0,No,4,1,3,3,Non-Travel,Single,18,4,Life Sciences,2,0,20,4,1,217,78,23238,0,2
RM874,1221,36,36-45,Male,Research & Development,Laboratory Technician,No,0,2741,Upto 5k,7,7,7,1,7.0,No,3,3,1,3,Travel_Rarely,Divorced,6,4,Life Sciences,1,1,14,3,3,917,60,6865,4,1
RM883,1237,36,36-45,Female,Research & Development,Manufacturing Director,No,0,10252,10k-15k,17,7,7,7,7.0,Yes,1,3,1,3,Travel_Rarely,Divorced,1,3,Technical Degree,2,1,21,4,3,363,77,4235,2,3
RM901,1257,36,36-45,Male,Research & Development,Research Scientist,No,0,3692,Upto 5k,12,11,10,0,7.0,No,2,3,3,2,Travel_Frequently,Married,3,3,Technical Degree,1,0,12,3,3,469,46,9256,2,1
RM928,1294,36,36-45,Female,Research & Development,Manufacturing Director,No,0,5410,5k-10k,18,16,14,5,12.0,Yes,2,3,3,3,Travel_Rarely,Single,2,4,Life Sciences,9,0,11,3,4,429,53,2323,2,2
RM943,1312,36,36-45,Female,Research & Development,Healthcare Representative,No,0,7094,5k-10k,10,7,7,1,7.0,No,3,4,3,3,Travel_Rarely,Married,10,4,Technical Degree,3,0,12,3,1,325,63,5747,0,3
RM969,1362,36,36-45,Female,Sales,Sales Executive,No,0,4639,Upto 5k,17,15,7,6,13.0,No,1,1,4,2,Travel_Frequently,Married,7,3,Marketing,2,1,16,3,4,607,83,2261,2,2
RM1012,1425,36,36-45,Female,Sales,Sales Executive,No,0,9278,5k-10k,15,5,4,0,1.0,Yes,2,1,3,3,Travel_Rarely,Single,3,4,Marketing,3,0,16,3,4,1174,99,20763,3,2
RM1019,1435,36,36-45,Male,Research & Development,Laboratory Technician,No,0,5810,5k-10k,10,10,4,1,8.0,No,4,1,2,2,Travel_Rarely,Single,4,4,Life Sciences,1,0,16,3,3,172,37,22604,2,2
RM1020,1436,36,36-45,Female,Sales,Sales Executive,No,0,5647,5k-10k,11,3,2,0,2.0,No,1,3,2,2,Travel_Rarely,Married,16,4,Marketing,4,2,13,3,1,329,98,13494,3,2
RM1103,1556,36,36-45,Male,Sales,Sales Representative,No,0,2644,Upto 5k,7,3,2,1,2.0,Yes,4,3,3,2,Travel_Rarely,Single,2,4,Life Sciences,3,0,21,4,4,1157,70,17001,3,1
RM1122,1585,36,36-45,Female,Sales,Sales Executive,No,0,6815,5k-10k,15,1,0,0,0.0,No,3,2,3,3,Travel_Rarely,Single,1,4,Life Sciences,6,0,13,3,1,884,73,21447,5,2
RM1129,1594,36,36-45,Male,Research & Development,Laboratory Technician,No,0,5562,5k-10k,9,3,2,0,2.0,Yes,1,1,4,3,Travel_Frequently,Married,6,4,Life Sciences,3,1,13,3,4,1302,80,19711,3,2
RM1146,1614,36,36-45,Female,Research & Development,Manufacturing Director,No,0,4663,Upto 5k,7,3,2,1,1.0,Yes,3,3,3,3,Travel_Rarely,Married,12,4,Life Sciences,9,2,12,3,2,559,76,12421,2,2
RM1174,1651,36,36-45,Female,Research & Development,Healthcare Representative,No,0,8008,5k-10k,9,3,2,0,2.0,No,1,2,3,3,Travel_Rarely,Married,5,4,Life Sciences,4,2,12,3,3,711,42,22792,6,3
RM1181,1659,36,36-45,Male,Research & Development,Laboratory Technician,No,0,2013,Upto 5k,15,4,3,1,3.0,No,2,1,3,3,Travel_Rarely,Single,7,3,Life Sciences,2,0,11,3,3,311,77,10950,4,1
RM1183,1662,36,36-45,Female,Research & Development,Manufacturing Director,No,0,4374,Upto 5k,4,3,2,1,2.0,No,3,4,2,3,Non-Travel,Married,1,4,Medical,0,0,15,3,3,894,33,15411,6,2
RM1184,1664,36,36-45,Male,Research & Development,Healthcare Representative,No,0,6842,5k-10k,13,5,4,0,4.0,No,1,4,4,3,Travel_Rarely,Divorced,3,2,Life Sciences,6,1,20,4,1,1040,79,26308,3,2
RM1200,1682,36,36-45,Male,Research & Development,Healthcare Representative,No,0,5347,5k-10k,10,3,2,0,2.0,No,3,1,3,2,Travel_Rarely,Married,26,4,Life Sciences,6,2,14,3,2,1351,80,7419,2,2
RM1221,1710,36,36-45,Female,Sales,Sales Representative,No,0,4502,Upto 5k,17,13,7,6,7.0,No,4,3,3,2,Travel_Rarely,Single,2,4,Life Sciences,3,0,15,3,3,530,51,7439,2,2
RM1237,1733,36,36-45,Male,Sales,Sales Executive,Yes,1,6134,5k-10k,16,2,2,2,2.0,Yes,1,2,2,3,Travel_Rarely,Divorced,13,5,Marketing,5,3,13,3,2,1456,96,8658,3,2
RM1279,1790,36,36-45,Male,Research & Development,Healthcare Representative,No,0,8321,5k-10k,15,12,8,5,7.0,Yes,1,4,3,3,Travel_Rarely,Married,10,3,Life Sciences,7,1,13,3,4,1383,90,25949,1,3
RM1316,1847,36,36-45,Female,Research & Development,Research Scientist,No,0,6962,5k-10k,15,1,0,0,0.0,Yes,2,4,3,3,Travel_Rarely,Married,2,4,Other,4,1,22,4,4,430,73,19573,2,2
RM1341,1880,36,36-45,Female,Sales,Sales Executive,No,0,5673,5k-10k,10,10,9,1,7.0,Yes,3,2,2,3,Travel_Rarely,Married,10,4,Technical Degree,1,1,13,3,1,1266,63,6060,4,2
RM1348,1890,36,36-45,Male,Human Resources,Human Resources,No,0,3886,Upto 5k,10,10,1,0,8.0,No,4,2,2,2,Travel_Frequently,Single,2,1,Human Resources,1,0,21,4,4,1213,94,4223,2,2
RM1356,1908,36,36-45,Male,Sales,Sales Executive,No,0,5507,5k-10k,12,4,2,1,3.0,No,2,3,2,1,Travel_Rarely,Married,17,2,Marketing,2,2,16,3,3,335,33,16822,1,2
RM1384,1949,36,36-45,Male,Research & Development,Laboratory Technician,No,0,2810,Upto 5k,5,5,4,0,2.0,No,2,1,4,3,Non-Travel,Married,9,4,Life Sciences,1,0,22,4,2,1351,66,9238,3,1
RM1440,2024,36,36-45,Female,Sales,Sales Executive,No,0,7644,5k-10k,10,9,7,3,4.0,No,4,1,2,3,Travel_Rarely,Married,3,3,Medical,0,2,19,3,3,557,94,12695,2,3
RM1441,2025,36,36-45,Female,Research & Development,Manufacturing Director,No,0,5131,5k-10k,18,4,2,0,2.0,No,2,4,3,3,Travel_Frequently,Divorced,4,2,Life Sciences,7,3,13,3,2,688,97,9192,3,2
RM1448,2036,36,36-45,Male,Sales,Sales Executive,No,0,5406,5k-10k,15,15,12,11,11.0,No,4,4,1,2,Non-Travel,Divorced,15,4,Marketing,1,1,24,4,1,301,88,10436,4,2
RM1454,2045,36,36-45,Female,Sales,Sales Executive,No,0,6652,5k-10k,8,6,3,0,0.0,No,4,2,2,2,Travel_Rarely,Married,11,4,Marketing,4,1,13,3,1,1120,100,14369,2,2
RM1466,2061,36,36-45,Male,Research & Development,Laboratory Technician,No,0,2571,Upto 5k,17,5,2,0,3.0,No,4,3,4,3,Travel_Frequently,Married,23,2,Medical,4,1,17,3,3,884,41,12290,3,2
RM1466,2061,36,36-45,Male,Research & Development,Laboratory Technician,No,0,2571,Upto 5k,17,5,2,0,2.0,No,4,3,4,3,Travel_Frequently,Married,23,2,Medical,4,1,17,3,3,884,41,12290,3,2
RM003,4,37,36-45,Male,Research & Development,Laboratory Technician,Yes,1,2090,Upto 5k,7,0,0,0,0.0,Yes,3,4,2,3,Travel_Rarely,Single,2,2,Other,6,0,15,3,2,1373,92,2396,3,1
RM048,61,37,36-45,Male,Research & Development,Research Scientist,No,0,3022,Upto 5k,8,1,0,0,0.0,No,2,2,3,3,Travel_Rarely,Married,19,2,Life Sciences,4,0,21,4,1,408,73,10227,1,1
RM060,77,37,36-45,Male,Research & Development,Manufacturing Director,No,0,5993,5k-10k,7,7,5,0,7.0,No,3,1,2,4,Travel_Rarely,Divorced,1,4,Life Sciences,1,1,18,3,3,1115,51,2689,2,2
RM079,102,37,36-45,Male,Research & Development,Research Director,No,0,13664,10k-15k,16,5,2,0,2.0,No,3,1,3,4,Travel_Rarely,Single,7,4,Medical,4,0,13,3,1,397,30,25258,3,3
RM101,133,37,36-45,Male,Human Resources,Human Resources,Yes,1,2073,Upto 5k,7,3,2,0,2.0,Yes,1,3,3,3,Travel_Rarely,Divorced,6,4,Human Resources,4,0,22,4,4,807,63,23648,3,1
RM105,139,37,36-45,Male,Research & Development,Healthcare Representative,No,0,5163,5k-10k,17,1,0,0,0.0,No,4,3,2,4,Non-Travel,Divorced,2,2,Life Sciences,5,1,14,3,4,1040,100,15850,2,2
RM116,152,37,36-45,Male,Sales,Sales Executive,No,0,7428,5k-10k,12,5,3,1,3.0,No,4,3,3,3,Travel_Rarely,Single,3,3,Life Sciences,2,0,12,3,1,1189,87,14506,3,3
RM196,267,37,36-45,Male,Research & Development,Research Scientist,No,0,3564,Upto 5k,8,8,7,1,7.0,Yes,1,2,4,2,Travel_Rarely,Married,21,3,Life Sciences,1,1,12,3,1,290,65,22977,3,1
RM223,306,37,36-45,Male,Research & Development,Research Director,No,0,12185,10k-15k,10,10,8,0,7.0,Yes,4,2,3,3,Travel_Frequently,Divorced,11,3,Other,1,3,14,3,3,663,47,10056,1,3
RM227,311,37,36-45,Male,Sales,Sales Representative,No,0,2793,Upto 5k,13,9,8,5,8.0,No,4,1,3,3,Travel_Frequently,Divorced,4,4,Marketing,4,1,17,3,3,319,41,2539,2,1
RM249,340,37,36-45,Female,Research & Development,Research Scientist,No,0,3920,Upto 5k,17,3,1,0,3.0,No,1,3,2,2,Travel_Rarely,Married,1,2,Medical,2,1,14,3,1,1017,83,18697,2,1
RM251,342,37,36-45,Male,Research & Development,Manufacturing Director,Yes,1,10048,10k-15k,17,1,0,0,3.0,No,3,1,3,3,Travel_Frequently,Divorced,10,3,Medical,6,2,11,3,2,504,61,22573,5,3
RM274,378,37,36-45,Male,Sales,Sales Executive,No,0,6502,5k-10k,7,5,4,0,1.0,No,4,3,3,4,Travel_Rarely,Married,6,4,Medical,4,1,14,3,2,228,98,22825,5,2
RM276,380,37,36-45,Female,Research & Development,Research Director,No,0,13603,10k-15k,15,5,2,0,2.0,Yes,4,1,3,3,Non-Travel,Divorced,1,4,Medical,2,2,18,3,1,728,80,11677,2,3
RM286,391,37,36-45,Female,Research & Development,Research Scientist,No,0,2115,Upto 5k,17,17,12,5,7.0,No,4,4,3,3,Travel_Rarely,Single,1,3,Life Sciences,1,0,12,3,2,1372,42,15881,3,1
RM295,403,37,36-45,Male,Research & Development,Research Scientist,No,0,2326,Upto 5k,4,4,2,1,2.0,Yes,4,2,3,2,Travel_Frequently,Married,9,3,Medical,1,3,12,3,3,889,53,11411,3,1
RM341,460,37,36-45,Male,Research & Development,Manufacturing Director,No,0,6347,5k-10k,8,6,2,0,4.0,No,4,4,3,2,Travel_Rarely,Divorced,5,2,Medical,7,2,16,3,3,1192,61,23177,2,2
RM354,474,37,36-45,Male,Research & Development,Research Scientist,No,0,5974,5k-10k,13,7,7,6,7.0,Yes,1,3,4,3,Travel_Rarely,Divorced,6,3,Medical,4,2,13,3,1,1319,51,17001,2,2
RM365,486,37,36-45,Female,Research & Development,Laboratory Technician,No,0,3452,Upto 5k,17,5,4,0,3.0,No,1,3,3,3,Travel_Rarely,Married,10,3,Medical,6,1,20,4,2,921,98,17663,3,1
RM387,515,37,36-45,Female,Research & Development,Laboratory Technician,No,0,3034,Upto 5k,18,18,7,12,17.0,No,1,4,3,2,Travel_Rarely,Divorced,14,3,Life Sciences,1,1,12,3,3,1107,95,26914,2,1
RM390,518,37,36-45,Male,Research & Development,Manufacturing Director,No,0,4197,Upto 5k,18,1,0,0,1.0,Yes,2,3,3,2,Travel_Rarely,Single,10,4,Life Sciences,2,0,12,3,4,1305,49,21123,2,2
RM399,529,37,36-45,Female,Research & Development,Research Scientist,No,0,4449,Upto 5k,15,13,11,10,7.0,Yes,3,2,3,3,Non-Travel,Married,25,5,Medical,3,2,15,3,1,1063,72,23866,2,2
RM465,623,37,36-45,Female,Research & Development,Manufacturing Director,No,0,7491,5k-10k,12,6,5,1,2.0,No,4,2,3,4,Travel_Rarely,Single,1,3,Technical Degree,4,0,17,3,4,799,59,23848,3,3
RM468,626,37,36-45,Male,Sales,Sales Executive,No,0,8834,5k-10k,9,9,5,7,7.0,No,2,1,3,3,Non-Travel,Divorced,9,4,Medical,1,1,13,3,4,142,69,24666,6,3
RM473,635,37,36-45,Female,Research & Development,Manufacturing Director,No,0,6447,5k-10k,8,6,5,4,3.0,No,2,2,3,2,Travel_Rarely,Married,1,4,Life Sciences,6,1,12,3,2,446,65,15701,2,2
RM487,656,37,36-45,Male,Sales,Sales Executive,No,0,9602,5k-10k,17,3,0,1,0.0,Yes,3,4,3,2,Travel_Rarely,Married,2,3,Marketing,4,1,11,3,3,558,75,3010,3,2
RM507,689,37,36-45,Male,Research & Development,Manufacturing Director,No,0,9434,5k-10k,10,10,7,7,8.0,No,3,3,3,3,Travel_Rarely,Married,3,3,Other,1,1,15,3,3,482,36,9606,2,3
RM523,715,37,36-45,Male,Research & Development,Research Scientist,No,0,4680,Upto 5k,4,1,0,0,0.0,No,4,4,4,3,Travel_Rarely,Single,10,2,Life Sciences,3,0,17,3,1,1225,80,15232,2,1
RM578,802,37,36-45,Female,Research & Development,Research Scientist,No,0,2782,Upto 5k,6,5,3,4,3.0,Yes,1,4,3,2,Travel_Rarely,Divorced,10,1,Life Sciences,0,2,13,3,2,571,82,19905,3,1
RM629,868,37,36-45,Male,Sales,Sales Executive,No,0,6334,5k-10k,9,1,0,0,0.0,No,3,4,2,3,Travel_Rarely,Divorced,16,4,Marketing,4,2,19,3,4,342,66,24558,2,2
RM649,900,37,36-45,Female,Sales,Sales Representative,No,0,2973,Upto 5k,10,5,4,0,0.0,No,4,3,3,3,Travel_Frequently,Married,21,2,Medical,5,1,15,3,2,1231,54,21222,3,1
RM653,904,37,36-45,Male,Sales,Sales Executive,No,0,7642,5k-10k,10,10,0,0,9.0,Yes,2,1,3,3,Non-Travel,Single,19,2,Medical,1,0,13,3,4,1252,32,4814,2,3
RM696,970,37,36-45,Male,Sales,Sales Executive,Yes,1,10609,10k-15k,17,14,1,11,7.0,No,3,1,2,1,Travel_Rarely,Married,1,4,Life Sciences,5,0,11,3,3,625,46,14922,2,3
RM745,1033,37,36-45,Female,Research & Development,Healthcare Representative,Yes,1,4777,Upto 5k,15,1,0,0,0.0,No,2,1,1,1,Travel_Rarely,Married,11,2,Medical,5,0,15,3,1,1141,61,14382,2,2
RM768,1062,37,36-45,Female,Research & Development,Healthcare Representative,No,0,4107,Upto 5k,8,4,3,0,1.0,No,2,4,3,2,Travel_Rarely,Single,3,3,Other,3,0,15,3,1,124,35,13848,3,2
RM796,1105,37,36-45,Female,Sales,Sales Executive,No,0,6694,5k-10k,8,1,0,0,0.0,Yes,4,4,2,3,Travel_Rarely,Divorced,10,4,Life Sciences,2,3,14,3,3,309,88,24223,5,2
RM833,1161,37,36-45,Female,Research & Development,Healthcare Representative,No,0,5731,5k-10k,9,6,2,1,3.0,No,4,3,2,3,Travel_Rarely,Divorced,25,2,Medical,7,2,13,3,3,367,52,17171,2,2
RM856,1196,37,36-45,Female,Research & Development,Manufacturing Director,No,0,6474,5k-10k,14,14,8,3,11.0,No,4,4,2,2,Travel_Rarely,Married,1,3,Life Sciences,1,1,13,3,2,977,56,9961,2,2
RM990,1394,37,36-45,Male,Research & Development,Research Scientist,No,0,2996,Upto 5k,8,6,4,1,3.0,Yes,3,3,3,3,Travel_Rarely,Married,4,1,Life Sciences,7,0,15,3,4,1439,54,5182,2,1
RM1002,1411,37,36-45,Female,Research & Development,Laboratory Technician,No,0,3629,Upto 5k,8,3,2,0,2.0,No,3,1,3,3,Travel_Rarely,Single,11,3,Medical,4,0,18,3,1,1462,94,19106,6,1
RM1023,1440,37,36-45,Male,Research & Development,Laboratory Technician,No,0,3500,Upto 5k,7,6,5,1,3.0,No,3,3,4,1,Non-Travel,Single,5,2,Technical Degree,0,0,14,3,1,1413,84,25470,2,1
RM1090,1543,37,36-45,Male,Research & Development,Research Scientist,No,0,4285,Upto 5k,10,10,8,3,7.0,No,4,1,3,3,Travel_Rarely,Married,13,3,Medical,1,0,17,3,1,674,47,3031,2,2
RM1159,1631,37,36-45,Male,Research & Development,Manufacturing Director,No,0,5768,5k-10k,9,4,3,0,2.0,No,3,3,3,2,Travel_Rarely,Married,19,3,Life Sciences,3,3,17,3,1,671,85,26493,2,2
RM1164,1640,37,36-45,Female,Research & Development,Research Scientist,No,0,3936,Upto 5k,8,8,4,7,7.0,No,2,2,3,1,Travel_Rarely,Married,10,3,Medical,1,1,11,3,1,1470,71,9953,2,1
RM1212,1700,37,36-45,Male,Sales,Sales Executive,No,0,9525,5k-10k,6,6,3,1,3.0,No,4,3,1,2,Travel_Frequently,Divorced,1,4,Medical,1,2,14,3,3,1278,31,7677,2,2
RM1277,1787,37,36-45,Male,Sales,Sales Executive,No,0,4189,Upto 5k,5,5,2,0,3.0,No,2,2,2,3,Travel_Rarely,Married,9,2,Marketing,1,2,14,3,1,589,46,8800,2,2
RM1281,1794,37,36-45,Male,Human Resources,Human Resources,No,0,4071,Upto 5k,19,10,0,4,7.0,No,2,3,3,2,Travel_Rarely,Divorced,8,2,Other,2,0,13,3,3,1239,89,12832,4,2
RM1292,1809,37,36-45,Male,Research & Development,Manufacturing Director,Yes,1,4213,Upto 5k,10,10,3,0,8.0,No,1,4,3,1,Travel_Rarely,Single,10,4,Medical,1,0,15,3,2,370,58,4992,4,2
RM1345,1885,37,36-45,Male,Research & Development,Research Scientist,No,0,4284,Upto 5k,16,5,3,0,4.0,Yes,1,4,3,3,Travel_Rarely,Married,7,4,Medical,5,1,22,4,3,783,78,13588,2,2
RM1433,2017,37,36-45,Female,Research & Development,Research Director,No,0,13744,10k-15k,16,16,11,6,8.0,Yes,4,3,4,3,Travel_Rarely,Married,10,3,Life Sciences,1,1,25,4,1,161,42,15471,2,3
RM009,12,38,36-45,Male,Research & Development,Manufacturing Director,No,0,9526,5k-10k,10,9,7,1,3.0,No,3,4,2,3,Travel_Frequently,Single,23,3,Life Sciences,0,0,21,4,2,216,44,8787,2,3
RM020,24,38,36-45,Male,Research & Development,Research Scientist,No,0,3944,Upto 5k,6,3,2,1,2.0,Yes,4,4,3,3,Travel_Rarely,Single,2,3,Life Sciences,5,0,11,3,3,371,45,4306,3,1
RM062,79,38,36-45,Female,Research & Development,Laboratory Technician,No,0,2406,Upto 5k,10,10,3,9,9.0,No,4,4,3,3,Travel_Frequently,Single,29,5,Life Sciences,1,0,11,3,4,653,50,5456,2,2
RM084,107,38,36-45,Female,Research & Development,Research Scientist,No,0,5329,5k-10k,17,13,11,1,9.0,Yes,4,2,1,3,Non-Travel,Divorced,6,3,Medical,7,3,12,3,4,573,79,15717,3,2
RM143,193,38,36-45,Female,Research & Development,Research Scientist,No,0,4317,Upto 5k,19,3,2,2,3.0,Yes,3,4,3,3,Travel_Rarely,Single,3,5,Technical Degree,3,0,20,4,2,364,32,2302,2,2
RM169,230,38,36-45,Female,Sales,Sales Executive,No,0,8686,5k-10k,12,8,3,0,7.0,No,4,1,2,4,Travel_Rarely,Single,1,4,Life Sciences,4,0,22,4,3,702,59,12930,2,2
RM180,245,38,36-45,Female,Research & Development,Laboratory Technician,No,0,2288,Upto 5k,2,2,2,2,1.0,No,4,3,3,3,Travel_Rarely,Single,9,2,Life Sciences,1,0,12,3,3,1380,75,6319,3,1
RM199,271,38,36-45,Male,Research & Development,Manufacturing Director,No,0,6553,5k-10k,14,1,0,0,0.0,No,3,4,3,3,Travel_Rarely,Married,2,4,Life Sciences,9,0,14,3,2,1261,88,7259,3,2
RM200,273,38,36-45,Male,Research & Development,Manufacturing Director,No,0,6261,5k-10k,9,7,7,1,7.0,No,4,4,3,1,Travel_Rarely,Married,29,3,Technical Degree,3,1,18,3,1,1084,54,4185,3,2
RM205,282,38,36-45,Male,Research & Development,Healthcare Representative,Yes,1,6673,5k-10k,17,1,0,0,0.0,Yes,1,2,3,3,Travel_Rarely,Married,29,1,Medical,7,0,19,3,2,1180,70,11354,2,2
RM224,307,38,36-45,Male,Sales,Sales Executive,No,0,10609,10k-15k,17,16,10,5,13.0,No,3,1,3,2,Travel_Rarely,Divorced,3,3,Life Sciences,0,2,12,3,3,119,76,9647,6,3
RM262,361,38,36-45,Male,Sales,Sales Executive,No,0,5249,5k-10k,13,8,7,7,5.0,No,4,4,2,3,Non-Travel,Married,2,2,Life Sciences,3,1,18,3,4,1327,39,19682,0,2
RM278,382,38,36-45,Female,Sales,Sales Executive,No,0,5605,5k-10k,8,8,0,7,7.0,Yes,1,1,4,3,Travel_Rarely,Divorced,7,2,Medical,1,1,24,4,3,322,44,19191,3,2
RM288,393,38,36-45,Male,Research & Development,Healthcare Representative,No,0,5745,5k-10k,10,2,2,1,2.0,No,4,4,3,3,Travel_Rarely,Divorced,23,4,Life Sciences,9,1,14,3,2,688,82,18899,2,2
RM308,421,38,36-45,Female,Research & Development,Research Director,No,0,12061,10k-15k,19,10,8,0,1.0,No,2,1,2,3,Travel_Rarely,Married,25,2,Life Sciences,3,1,17,3,3,849,81,26707,2,3
RM342,461,38,36-45,Male,Research & Development,Research Director,No,0,11510,10k-15k,12,11,10,2,9.0,Yes,4,3,2,3,Travel_Rarely,Divorced,15,2,Life Sciences,0,1,14,3,2,343,92,15682,3,3
RM417,556,38,36-45,Male,Research & Development,Laboratory Technician,No,0,1702,Upto 5k,1,1,0,0,0.0,Yes,4,4,3,3,Travel_Frequently,Married,2,2,Life Sciences,1,1,23,4,3,1490,42,12106,3,1
RM472,634,38,36-45,Female,Research & Development,Healthcare Representative,No,0,9824,5k-10k,18,1,0,0,0.0,No,3,3,3,3,Travel_Rarely,Married,10,3,Medical,3,1,19,3,3,1495,76,22174,4,2
RM491,662,38,36-45,Female,Research & Development,Research Scientist,No,0,2619,Upto 5k,8,0,0,0,0.0,No,1,3,3,2,Travel_Rarely,Single,1,1,Life Sciences,3,0,17,3,4,362,43,14561,3,1
RM519,709,38,36-45,Female,Sales,Sales Executive,No,0,4028,Upto 5k,8,7,7,0,5.0,No,4,4,2,3,Travel_Rarely,Single,7,4,Marketing,0,0,20,4,1,243,46,7791,2,2
RM530,724,38,36-45,Female,Research & Development,Healthcare Representative,No,0,7625,5k-10k,10,9,7,1,8.0,No,4,2,4,2,Travel_Rarely,Single,1,4,Life Sciences,0,0,13,3,3,827,33,19383,4,2
RM543,743,38,36-45,Female,Research & Development,Manufacturing Director,No,0,7861,5k-10k,10,1,0,0,0.0,Yes,3,3,3,4,Travel_Rarely,Single,1,3,Life Sciences,4,0,14,3,4,168,81,15397,4,3
RM560,773,38,36-45,Male,Research & Development,Research Scientist,No,0,3057,Upto 5k,6,1,0,0,1.0,Yes,3,4,3,1,Travel_Rarely,Married,2,5,Medical,6,1,13,3,2,268,92,20471,0,1
RM579,803,38,36-45,Female,Research & Development,Manufacturing Director,No,0,5980,5k-10k,17,15,7,4,12.0,Yes,1,1,4,3,Travel_Frequently,Single,2,4,Life Sciences,6,0,12,3,4,240,75,26085,2,2
RM606,837,38,36-45,Male,Research & Development,Healthcare Representative,No,0,6288,5k-10k,13,4,3,1,2.0,No,1,1,2,2,Travel_Frequently,Divorced,12,3,Life Sciences,2,1,15,3,3,471,45,4284,3,2
RM643,893,38,36-45,Male,Sales,Sales Representative,No,0,2899,Upto 5k,3,2,2,1,2.0,No,2,2,2,3,Travel_Rarely,Married,9,3,Marketing,0,1,19,3,4,395,98,12102,3,1
RM682,950,38,36-45,Female,Research & Development,Research Director,No,0,13582,10k-15k,15,15,12,5,11.0,No,1,4,3,3,Travel_Rarely,Married,1,3,Technical Degree,1,1,13,3,2,1333,80,16292,3,3
RM704,983,38,36-45,Female,Sales,Sales Executive,No,0,5666,5k-10k,6,5,3,1,3.0,Yes,4,3,3,3,Non-Travel,Single,10,3,Technical Degree,1,0,13,3,2,152,85,19899,1,2
RM723,1006,38,36-45,Male,Research & Development,Research Scientist,No,0,2684,Upto 5k,3,2,1,0,2.0,No,3,3,3,2,Travel_Frequently,Married,10,1,Medical,0,1,17,3,2,1391,66,12127,0,1
RM748,1036,38,36-45,Male,Sales,Sales Executive,No,0,6861,5k-10k,19,1,0,0,0.0,Yes,4,2,3,3,Travel_Rarely,Single,3,4,Life Sciences,8,0,12,3,3,1035,42,4981,1,2
RM766,1060,38,36-45,Male,Research & Development,Research Scientist,No,0,2821,Upto 5k,8,2,2,2,2.0,No,3,3,3,3,Travel_Frequently,Married,3,4,Other,3,1,16,3,1,1186,44,2997,2,1
RM785,1088,38,36-45,Female,Research & Development,Healthcare Representative,No,0,8823,5k-10k,20,19,9,1,9.0,No,3,3,2,2,Travel_Rarely,Married,17,1,Life Sciences,0,1,18,3,1,330,65,24608,4,3
RM808,1119,38,36-45,Male,Sales,Sales Executive,No,0,8740,5k-10k,9,8,7,2,7.0,Yes,3,3,2,3,Travel_Rarely,Divorced,10,4,Marketing,0,2,14,3,2,770,73,5569,2,3
RM812,1125,38,36-45,Male,Sales,Sales Executive,No,0,7351,5k-10k,10,1,0,0,0.0,No,2,4,3,3,Travel_Rarely,Single,2,2,Marketing,7,0,16,3,3,130,32,20619,2,3
RM827,1152,38,36-45,Male,Human Resources,Human Resources,No,0,2844,Upto 5k,7,7,6,5,0.0,No,3,3,4,4,Travel_Rarely,Married,1,3,Human Resources,1,1,13,3,4,433,37,6004,2,1
RM964,1355,38,36-45,Female,Sales,Sales Executive,No,0,6893,5k-10k,11,7,7,1,7.0,No,1,2,3,3,Travel_Rarely,Divorced,2,2,Life Sciences,3,1,15,3,4,1009,31,19461,3,2
RM983,1382,38,36-45,Male,Research & Development,Research Scientist,No,0,2610,Upto 5k,4,4,2,0,3.0,No,3,4,4,3,Travel_Frequently,Divorced,7,3,Life Sciences,1,3,11,3,4,693,57,15748,2,1
RM1108,1563,38,36-45,Male,Human Resources,Human Resources,No,0,6077,5k-10k,10,6,3,1,2.0,No,3,3,3,3,Travel_Frequently,Married,10,4,Human Resources,3,0,11,3,3,888,71,14814,2,2
RM1113,1573,38,36-45,Male,Research & Development,Manufacturing Director,Yes,1,4855,Upto 5k,7,5,2,1,4.0,No,2,3,3,3,Travel_Rarely,Married,2,3,Medical,4,2,11,3,1,903,81,7653,2,2
RM1120,1582,38,36-45,Male,Sales,Sales Executive,No,0,9924,5k-10k,10,9,8,7,7.0,No,2,3,3,3,Travel_Rarely,Married,14,3,Life Sciences,0,1,11,3,4,1245,80,12355,3,2
RM1121,1583,38,36-45,Female,Sales,Sales Executive,No,0,4198,Upto 5k,8,3,2,1,2.0,No,2,2,3,4,Travel_Rarely,Single,16,3,Life Sciences,2,0,12,3,2,437,90,16379,5,2
RM1162,1638,38,36-45,Female,Research & Development,Manufacturing Director,No,0,7756,5k-10k,10,5,4,0,2.0,Yes,3,4,2,4,Travel_Rarely,Married,2,2,Medical,3,1,19,3,4,397,54,14199,6,3
RM1188,1668,38,36-45,Male,Research & Development,Research Scientist,No,0,4735,Upto 5k,19,13,11,2,9.0,No,4,4,3,4,Travel_Frequently,Married,1,3,Life Sciences,7,2,15,3,4,1189,90,9867,4,2
RM1194,1675,38,36-45,Female,Research & Development,Laboratory Technician,No,0,2440,Upto 5k,4,4,3,3,3.0,No,2,4,2,3,Travel_Frequently,Single,2,3,Medical,1,0,22,4,2,148,42,23826,3,1
RM1203,1687,38,36-45,Female,Research & Development,Laboratory Technician,No,0,3306,Upto 5k,7,0,0,0,0.0,No,3,4,3,2,Travel_Rarely,Married,4,2,Medical,7,1,19,3,4,1495,87,26176,5,1
RM1257,1760,38,36-45,Female,Research & Development,Laboratory Technician,No,0,2468,Upto 5k,9,6,1,0,5.0,No,2,3,2,2,Travel_Frequently,Married,2,2,Medical,4,1,14,3,2,594,75,15963,4,1
RM1262,1766,38,36-45,Male,Research & Development,Healthcare Representative,No,0,5811,5k-10k,15,1,0,1,0.0,Yes,4,2,1,3,Travel_Rarely,Married,18,3,Medical,3,1,16,3,3,833,60,24539,2,2
RM1273,1782,38,36-45,Female,Research & Development,Laboratory Technician,No,0,3702,Upto 5k,5,5,4,0,4.0,No,3,4,2,3,Travel_Rarely,Married,6,2,Other,1,1,11,3,2,1153,40,16376,3,1
RM1290,1805,38,36-45,Male,Human Resources,Human Resources,No,0,2592,Upto 5k,13,11,10,3,8.0,No,2,1,3,3,Non-Travel,Divorced,2,3,Human Resources,5,3,13,3,4,1336,100,7129,3,1
RM1309,1835,38,36-45,Female,Sales,Sales Representative,No,0,5405,5k-10k,20,4,2,0,3.0,Yes,4,2,1,2,Travel_Rarely,Married,2,4,Marketing,2,2,20,4,1,723,77,4244,4,2
RM1374,1937,38,36-45,Female,Research & Development,Research Scientist,No,0,2133,Upto 5k,20,20,11,0,7.0,Yes,2,4,2,3,Travel_Frequently,Divorced,8,3,Medical,1,1,16,3,3,1394,58,18115,3,2
RM1377,1940,38,36-45,Male,Research & Development,Research Scientist,No,0,4771,Upto 5k,10,5,2,0,3.0,No,4,2,3,4,Travel_Rarely,Divorced,9,2,Life Sciences,2,2,19,3,4,1206,71,14293,0,1
RM1392,1961,38,36-45,Male,Sales,Sales Representative,No,0,2858,Upto 5k,20,1,0,0,0.0,No,1,1,2,2,Travel_Rarely,Single,1,3,Life Sciences,4,0,14,3,1,1404,59,11473,3,1
RM1401,1972,38,36-45,Male,Human Resources,Human Resources,No,0,2991,Upto 5k,7,6,2,1,2.0,Yes,2,4,3,3,Travel_Frequently,Married,1,4,Other,0,1,11,3,2,1444,88,5224,2,1
RM1417,1995,38,36-45,Male,Sales,Sales Executive,No,0,4440,Upto 5k,16,15,13,5,8.0,No,2,4,3,3,Travel_Rarely,Married,1,4,Life Sciences,0,2,15,3,1,1321,86,7636,3,2
RM1419,1997,38,36-45,Male,Research & Development,Manufacturing Director,No,0,5321,5k-10k,10,8,3,7,7.0,No,3,1,2,3,Travel_Frequently,Married,6,4,Life Sciences,2,1,11,3,4,508,72,14284,1,2
RM1431,2015,38,36-45,Female,Research & Development,Research Director,No,0,13206,10k-15k,20,18,16,1,11.0,No,3,2,1,3,Travel_Rarely,Married,10,3,Medical,3,1,12,3,1,201,99,3376,3,3
RM1452,2041,38,36-45,Female,Sales,Sales Executive,No,0,5343,5k-10k,10,10,7,1,9.0,No,4,1,3,3,TravelRarely,Married,10,2,Life Sciences,1,1,11,3,3,345,100,5982,1,2
RM034,42,39,36-45,Male,Sales,Sales Representative,Yes,1,2086,Upto 5k,19,1,0,0,0.0,No,4,4,3,4,Travel_Rarely,Married,5,3,Technical Degree,3,1,14,3,3,895,56,3335,6,2
RM138,182,39,36-45,Female,Sales,Sales Executive,No,0,5902,5k-10k,17,15,11,5,9.0,No,3,4,2,4,Travel_Rarely,Married,4,4,Life Sciences,4,1,14,3,3,1329,47,14590,1,2
RM241,332,39,36-45,Female,Research & Development,Laboratory Technician,No,0,2232,Upto 5k,7,3,2,1,2.0,No,3,3,3,3,Travel_Rarely,Divorced,1,4,Medical,7,3,14,3,3,1431,96,15417,1,1
RM252,343,39,36-45,Female,Research & Development,Healthcare Representative,No,0,10938,10k-15k,20,19,6,11,3.0,No,3,3,3,3,Travel_Frequently,Single,2,4,Technical Degree,0,0,25,4,4,505,64,6420,1,3
RM305,417,39,36-45,Male,Research & Development,Healthcare Representative,No,0,9613,5k-10k,19,18,10,3,7.0,No,4,3,4,2,Travel_Rarely,Divorced,1,3,Medical,0,3,17,3,1,1132,48,10942,5,3
RM315,429,39,36-45,Male,Research & Development,Manager,No,0,17068,15k+,21,21,9,11,10.0,Yes,1,3,3,3,Travel_Rarely,Married,10,1,Medical,1,0,14,3,4,117,99,5355,3,4
RM327,444,39,36-45,Male,Research & Development,Manager,No,0,19272,15k+,21,21,9,13,3.0,No,4,3,2,3,Travel_Frequently,Married,7,2,Medical,1,1,15,3,1,672,54,21141,2,5
RM328,445,39,36-45,Female,Sales,Sales Executive,Yes,1,5238,5k-10k,12,1,0,0,0.0,Yes,3,4,3,2,Travel_Rarely,Married,3,2,Medical,4,0,18,3,1,1162,41,17778,3,2
RM401,531,39,36-45,Male,Research & Development,Manager,No,0,19197,15k+,21,21,8,1,6.0,Yes,3,2,3,3,Travel_Frequently,Divorced,1,1,Life Sciences,1,1,14,3,3,1218,52,8213,3,5
RM450,602,39,36-45,Female,Research & Development,Laboratory Technician,No,0,3755,Upto 5k,8,8,3,0,7.0,No,3,3,3,3,Travel_Frequently,Married,8,1,Life Sciences,1,1,11,3,1,443,48,17872,3,1
RM527,721,39,36-45,Female,Research & Development,Healthcare Representative,No,0,4553,Upto 5k,20,20,7,11,10.0,No,3,4,2,3,Travel_Rarely,Single,2,4,Technical Degree,1,0,11,3,1,408,80,20978,4,2
RM552,760,39,36-45,Female,Human Resources,Human Resources,No,0,6389,5k-10k,12,8,3,3,6.0,No,2,3,4,1,Travel_Rarely,Married,3,3,Human Resources,9,1,15,3,3,141,44,18767,3,2
RM655,909,39,36-45,Female,Human Resources,Human Resources,No,0,5204,5k-10k,13,5,4,0,4.0,No,4,4,2,3,Travel_Rarely,Married,2,3,Life Sciences,8,2,11,3,3,1383,42,7790,2,2
RM670,932,39,36-45,Male,Research & Development,Laboratory Technician,Yes,1,2404,Upto 5k,8,2,2,2,2.0,Yes,1,4,3,1,Travel_Rarely,Married,6,3,Medical,7,0,21,4,4,1122,70,4303,2,1
RM706,985,39,36-45,Male,Sales,Sales Executive,No,0,7880,5k-10k,9,8,7,0,7.0,No,3,1,4,3,Travel_Rarely,Single,2,5,Life Sciences,0,0,18,3,4,903,41,2560,3,3
RM739,1026,39,36-45,Female,Research & Development,Manufacturing Director,No,0,12742,10k-15k,21,21,6,11,8.0,No,4,4,2,3,Travel_Rarely,Married,1,1,Life Sciences,1,1,16,3,3,466,65,7060,3,4
RM754,1043,39,36-45,Female,Research & Development,Manufacturing Director,No,0,10880,10k-15k,21,21,6,2,8.0,Yes,1,4,3,3,Travel_Frequently,Single,22,3,Medical,1,0,13,3,3,945,82,5083,2,3
RM814,1127,39,36-45,Male,Research & Development,Healthcare Representative,Yes,1,12169,10k-15k,21,18,7,11,5.0,No,4,1,3,3,Travel_Frequently,Divorced,2,3,Life Sciences,7,3,11,3,4,203,84,13547,4,4
RM817,1132,39,36-45,Male,Research & Development,Laboratory Technician,No,0,6782,5k-10k,9,5,4,0,3.0,No,2,3,3,2,Non-Travel,Single,9,3,Life Sciences,9,0,15,3,3,439,70,8770,2,2
RM938,1307,39,36-45,Female,Research & Development,Manager,No,0,17123,15k+,21,19,9,15,2.0,Yes,2,3,2,3,Travel_Rarely,Divorced,13,4,Medical,6,2,13,3,4,412,94,17334,4,4
RM941,1310,39,36-45,Male,Research & Development,Research Scientist,Yes,1,3904,Upto 5k,6,5,2,0,3.0,No,1,3,3,3,Travel_Rarely,Single,23,3,Medical,0,0,13,3,1,360,93,22154,2,1
RM950,1322,39,36-45,Male,Research & Development,Manufacturing Director,No,0,4534,Upto 5k,9,8,7,1,7.0,No,3,1,3,3,Travel_Rarely,Single,18,2,Life Sciences,0,0,11,3,1,524,32,13352,6,2
RM987,1390,39,36-45,Male,Sales,Sales Executive,No,0,6120,5k-10k,8,5,4,1,4.0,Yes,4,1,2,4,Travel_Rarely,Married,21,4,Life Sciences,3,2,12,3,4,1498,44,3567,2,2
RM993,1397,39,36-45,Male,Research & Development,Healthcare Representative,No,0,10920,10k-15k,13,6,4,0,5.0,No,3,3,3,3,Non-Travel,Married,25,2,Life Sciences,3,1,21,4,2,1485,71,3449,2,3
RM1033,1458,39,36-45,Female,Research & Development,Laboratory Technician,Yes,1,3646,Upto 5k,11,1,0,0,0.0,Yes,1,1,2,4,Non-Travel,Single,2,3,Life Sciences,2,0,23,4,2,592,54,17181,2,1
RM1080,1525,39,36-45,Female,Research & Development,Manufacturing Director,No,0,8376,5k-10k,9,2,0,2,2.0,No,2,2,3,3,Travel_Rarely,Single,6,3,Life Sciences,4,0,18,3,4,1089,32,9150,3,3
RM1125,1588,39,36-45,Male,Sales,Sales Executive,No,0,8237,5k-10k,11,7,6,7,6.0,No,3,4,4,3,Travel_Rarely,Married,6,3,Medical,2,1,11,3,1,1462,38,4658,3,3
RM1149,1618,39,36-45,Male,Research & Development,Manufacturing Director,No,0,5377,5k-10k,10,7,7,7,7.0,No,1,2,3,3,Travel_Rarely,Married,10,5,Medical,2,3,13,3,4,1387,76,3835,3,2
RM1156,1627,39,36-45,Male,Research & Development,Laboratory Technician,No,0,3069,Upto 5k,11,10,8,0,7.0,No,3,3,2,3,Travel_Rarely,Divorced,3,2,Medical,0,1,15,3,4,170,76,10302,3,2
RM1160,1633,39,36-45,Female,Research & Development,Manufacturing Director,No,0,5042,5k-10k,10,9,2,3,8.0,No,3,1,3,1,Travel_Frequently,Single,4,3,Medical,0,0,13,3,4,711,81,3140,2,2
RM1176,1654,39,36-45,Male,Research & Development,Manufacturing Director,No,0,5295,5k-10k,7,5,4,1,0.0,No,2,4,3,3,Travel_Rarely,Married,12,3,Medical,4,0,21,4,3,492,66,7693,3,2
RM1241,1737,39,36-45,Male,Research & Development,Laboratory Technician,No,0,6472,5k-10k,9,9,8,5,8.0,Yes,4,4,3,3,Non-Travel,Married,1,3,Life Sciences,1,1,15,3,4,792,77,8989,2,2
RM1285,1800,39,36-45,Male,Research & Development,Research Director,No,0,13464,10k-15k,9,4,3,2,2.0,No,3,3,3,3,Travel_Rarely,Single,10,1,Medical,7,0,21,4,3,1253,65,7914,3,3
RM1293,1812,39,36-45,Male,Sales,Sales Executive,No,0,4127,Upto 5k,7,2,1,2,2.0,No,4,3,3,3,Travel_Frequently,Divorced,20,3,Life Sciences,2,1,18,3,4,766,83,19188,6,2
RM1336,1871,39,36-45,Male,Research & Development,Research Scientist,No,0,3902,Upto 5k,7,2,2,2,2.0,No,4,4,3,3,Travel_Rarely,Divorced,19,4,Other,8,3,14,3,2,835,41,5141,2,2
RM1367,1929,39,36-45,Female,Sales,Sales Executive,No,0,5736,5k-10k,10,3,2,1,2.0,No,3,1,1,3,Non-Travel,Married,21,4,Life Sciences,6,1,19,3,3,1251,32,3987,1,2
RM1373,1936,39,36-45,Male,Research & Development,Manufacturing Director,No,0,5151,5k-10k,10,10,0,7,9.0,No,1,1,3,3,Travel_Rarely,Married,9,2,Medical,1,1,25,4,4,867,87,12315,3,2
RM1404,1975,39,36-45,Male,Sales,Sales Executive,No,0,13341,10k-15k,21,20,8,11,10.0,No,1,2,3,3,Travel_Rarely,Single,15,4,Marketing,0,0,12,3,1,119,77,25098,3,4
RM1430,2014,39,36-45,Male,Research & Development,Research Scientist,No,0,4108,Upto 5k,18,7,7,1,7.0,No,4,1,3,3,Travel_Rarely,Single,24,1,Life Sciences,7,0,13,3,1,116,52,5340,2,2
RM1438,2022,39,36-45,Male,Research & Development,Manager,No,0,19431,15k+,21,6,0,1,3.0,No,4,4,3,2,Non-Travel,Single,9,3,Life Sciences,2,0,13,3,3,105,87,15302,3,5
RM1463,2056,39,36-45,Female,Sales,Sales Executive,No,0,12031,10k-15k,21,20,9,9,6.0,No,4,2,2,2,Travel_Rarely,Married,24,1,Marketing,0,1,11,3,1,722,60,8828,2,4
RM1467,2062,39,36-45,Male,Research & Development,Healthcare Representative,No,0,9991,5k-10k,9,7,7,1,7.0,No,1,4,2,3,Travel_Rarely,Married,6,1,Medical,4,1,15,3,1,613,42,21457,5,3
RM1467,2062,39,36-45,Male,Research & Development,Healthcare Representative,No,0,9991,5k-10k,9,7,7,1,1.0,No,1,4,2,3,Travel_Rarely,Married,6,1,Medical,4,1,15,3,1,613,42,21457,5,3
RM091,119,40,36-45,Male,Research & Development,Healthcare Representative,No,0,13503,10k-15k,22,22,3,11,11.0,No,2,3,2,2,Travel_Frequently,Married,1,4,Life Sciences,1,1,22,4,4,530,78,14115,3,4
RM151,202,40,36-45,Female,Research & Development,Research Scientist,No,0,5605,5k-10k,20,20,7,2,13.0,No,2,2,3,3,Travel_Frequently,Divorced,26,3,Medical,1,1,11,3,1,1395,54,8504,2,2
RM159,215,40,36-45,Male,Sales,Sales Executive,No,0,10855,10k-15k,15,12,11,2,11.0,No,4,3,2,2,Travel_Rarely,Married,4,4,Marketing,7,1,11,3,1,630,67,8552,2,3
RM187,253,40,36-45,Female,Research & Development,Manager,No,0,19033,15k+,21,20,8,9,9.0,No,3,4,3,3,Travel_Rarely,Married,4,1,Medical,1,1,14,3,2,989,46,6499,2,5
RM204,281,40,36-45,Male,Research & Development,Laboratory Technician,No,0,2741,Upto 5k,15,7,2,3,7.0,Yes,4,3,3,4,Travel_Rarely,Married,19,2,Medical,8,1,15,3,3,905,99,16523,2,2
RM209,287,40,36-45,Male,Research & Development,Healthcare Representative,No,0,4876,Upto 5k,5,3,2,0,3.0,No,4,4,2,1,Non-Travel,Married,9,5,Life Sciences,9,1,14,3,4,1151,63,14242,5,2
RM244,335,40,36-45,Male,Research & Development,Research Scientist,No,0,3319,Upto 5k,9,9,8,4,7.0,No,4,1,3,3,Travel_Rarely,Divorced,24,2,Technical Degree,1,2,17,3,1,1300,62,24447,3,2
RM258,352,40,36-45,Male,Research & Development,Research Director,No,0,19436,15k+,22,21,7,3,3.0,No,3,1,3,3,Travel_Rarely,Divorced,2,2,Medical,0,1,19,3,4,1416,49,5949,5,5
RM336,453,40,36-45,Male,Sales,Sales Executive,No,0,7457,5k-10k,6,4,3,0,2.0,Yes,4,2,1,2,Travel_Rarely,Married,1,2,Medical,2,3,22,4,3,1124,57,13273,2,2
RM362,483,40,36-45,Female,Research & Development,Laboratory Technician,No,0,2213,Upto 5k,10,7,7,1,3.0,Yes,3,4,4,3,Travel_Rarely,Married,10,4,Life Sciences,3,1,13,3,3,1171,46,22495,3,1
RM369,492,40,36-45,Male,Sales,Sales Executive,Yes,1,6380,5k-10k,8,6,4,1,0.0,Yes,3,3,2,3,Travel_Rarely,Married,22,2,Marketing,2,2,12,3,1,575,68,6110,6,2
RM388,516,40,36-45,Female,Sales,Sales Executive,No,0,5715,5k-10k,8,5,4,1,3.0,No,2,4,3,3,Travel_Rarely,Divorced,2,2,Marketing,7,2,12,3,3,759,46,22553,5,2
RM392,521,40,36-45,Female,Research & Development,Laboratory Technician,No,0,3448,Upto 5k,20,1,0,0,0.0,No,3,2,2,3,Travel_Rarely,Married,2,3,Medical,6,1,22,4,2,555,78,13436,3,2
RM418,558,40,36-45,Female,Sales,Manager,No,0,18041,15k+,21,20,15,1,12.0,No,3,3,3,3,Travel_Rarely,Married,2,4,Life Sciences,0,0,14,3,4,1398,79,13022,2,5
RM449,601,40,36-45,Female,Research & Development,Manufacturing Director,No,0,13237,10k-15k,22,20,6,5,13.0,No,3,2,3,3,Travel_Rarely,Single,6,3,Life Sciences,7,0,15,3,3,302,75,20364,3,4
RM459,615,40,36-45,Male,Sales,Sales Executive,No,0,10932,10k-15k,20,1,0,0,1.0,No,1,3,1,3,Non-Travel,Divorced,28,3,Other,3,1,15,3,3,1094,58,11373,2,3
RM534,729,40,36-45,Male,Sales,Sales Executive,No,0,10475,10k-15k,20,18,13,1,12.0,Yes,1,4,2,3,Travel_Frequently,Married,5,4,Life Sciences,5,1,21,4,3,580,48,23772,2,3
RM554,763,40,36-45,Female,Research & Development,Research Scientist,No,0,2342,Upto 5k,5,4,2,2,3.0,Yes,4,4,2,2,Travel_Rarely,Single,2,1,Medical,0,0,20,4,4,804,86,22929,2,1
RM583,807,40,36-45,Female,Research & Development,Healthcare Representative,No,0,4244,Upto 5k,8,8,7,3,7.0,No,2,3,4,3,Travel_Frequently,Married,2,2,Medical,1,1,24,4,4,791,38,9931,2,2
RM602,832,40,36-45,Male,Research & Development,Laboratory Technician,No,0,5094,5k-10k,10,1,0,0,0.0,No,3,1,2,3,Travel_Frequently,Single,16,4,Medical,6,0,14,3,4,720,51,11983,6,2
RM685,954,40,36-45,Male,Sales,Sales Executive,No,0,9705,5k-10k,11,1,0,0,0.0,No,2,1,2,2,Travel_Rarely,Divorced,10,4,Marketing,2,1,12,3,2,658,67,20652,2,3
RM692,964,40,36-45,Male,Research & Development,Research Scientist,No,0,3617,Upto 5k,3,1,1,0,0.0,Yes,2,4,3,3,Travel_Frequently,Divorced,9,4,Medical,8,1,14,3,4,1469,35,25063,2,1
RM707,986,40,36-45,Female,Sales,Sales Executive,Yes,1,13194,10k-15k,22,1,0,0,0.0,Yes,2,2,4,2,Non-Travel,Single,24,3,Life Sciences,4,0,16,3,4,1479,100,17071,2,4
RM769,1066,40,36-45,Male,Sales,Sales Executive,No,0,8396,5k-10k,8,7,7,7,5.0,No,1,3,3,2,Travel_Rarely,Married,26,3,Marketing,1,1,14,3,2,300,74,22217,3,2
RM786,1092,40,36-45,Male,Research & Development,Healthcare Representative,No,0,10322,10k-15k,14,11,10,11,1.0,No,4,1,3,3,Travel_Rarely,Married,20,4,Technical Degree,4,1,20,4,4,1492,61,26542,6,3
RM815,1128,40,36-45,Male,Research & Development,Research Director,No,0,19626,15k+,21,20,7,4,9.0,No,3,3,2,4,Travel_Rarely,Single,14,3,Medical,1,0,14,3,1,1308,44,17544,2,5
RM838,1166,40,36-45,Female,Research & Development,Research Director,No,0,13499,10k-15k,20,18,7,2,13.0,No,3,2,3,2,Travel_Frequently,Single,9,4,Medical,9,0,17,3,3,593,88,13782,3,3
RM846,1180,40,36-45,Female,Research & Development,Research Scientist,No,0,4422,Upto 5k,16,1,1,0,0.0,Yes,4,3,2,1,Travel_Frequently,Married,26,2,Medical,3,1,13,3,4,902,92,21203,3,2
RM867,1212,40,36-45,Male,Sales,Sales Executive,No,0,4327,Upto 5k,5,0,0,0,0.0,No,2,2,3,3,Travel_Frequently,Married,2,4,Medical,5,3,12,3,4,1184,62,25440,2,2
RM885,1239,40,36-45,Female,Sales,Sales Executive,No,0,6852,5k-10k,7,5,1,1,3.0,No,2,2,2,4,Travel_Rarely,Divorced,10,3,Technical Degree,7,1,12,3,2,107,84,11591,2,2
RM947,1318,40,36-45,Male,Sales,Sales Executive,Yes,1,9094,5k-10k,9,5,4,1,0.0,Yes,2,4,2,3,Travel_Rarely,Single,25,4,Marketing,2,0,12,3,3,299,57,17235,2,3
RM958,1340,40,36-45,Male,Research & Development,Research Scientist,No,0,3544,Upto 5k,6,4,2,0,0.0,No,3,3,3,3,Non-Travel,Divorced,16,2,Life Sciences,9,1,16,3,2,458,74,8532,0,1
RM960,1346,40,36-45,Male,Research & Development,Research Scientist,No,0,4661,Upto 5k,9,9,8,8,8.0,No,4,3,3,3,Travel_Rarely,Single,2,3,Life Sciences,1,0,13,3,3,523,98,22455,4,2
RM968,1361,40,36-45,Male,Research & Development,Laboratory Technician,No,0,2387,Upto 5k,7,4,2,0,3.0,No,2,2,3,3,Travel_Rarely,Married,1,4,Life Sciences,3,1,22,4,3,329,88,6762,3,1
RM979,1375,40,36-45,Female,Research & Development,Healthcare Representative,No,0,6377,5k-10k,15,12,11,11,8.0,No,3,2,4,3,Travel_Rarely,Divorced,2,1,Medical,5,3,20,4,2,1202,89,13888,0,2
RM1030,1449,40,36-45,Male,Research & Development,Laboratory Technician,No,0,3975,Upto 5k,11,8,7,0,7.0,No,3,3,3,4,Non-Travel,Divorced,9,4,Other,3,2,11,3,3,663,81,23099,2,2
RM1041,1468,40,36-45,Male,Research & Development,Research Director,No,0,13757,10k-15k,16,9,8,4,8.0,No,2,4,2,3,Non-Travel,Divorced,8,1,Medical,2,1,11,3,3,218,55,25178,5,3
RM1046,1474,40,36-45,Male,Research & Development,Research Scientist,No,0,2345,Upto 5k,8,3,1,1,2.0,No,3,3,3,4,Travel_Rarely,Divorced,2,3,Medical,2,1,14,3,3,896,68,8045,3,1
RM1084,1534,40,36-45,Male,Research & Development,Laboratory Technician,Yes,1,2018,Upto 5k,15,5,4,1,0.0,No,1,4,3,1,Travel_Rarely,Single,9,4,Life Sciences,3,0,14,3,2,676,86,21831,3,1
RM1095,1548,40,36-45,Male,Sales,Sales Executive,No,0,5473,5k-10k,9,8,4,7,1.0,No,1,1,3,4,Travel_Rarely,Married,9,2,Medical,0,0,12,3,4,1342,47,19345,5,2
RM1097,1550,40,36-45,Male,Human Resources,Manager,No,0,16437,15k+,21,21,7,7,7.0,Yes,4,3,3,3,Travel_Rarely,Single,6,2,Medical,1,0,21,4,4,898,38,17381,2,4
RM1099,1552,40,36-45,Male,Research & Development,Healthcare Representative,No,0,4069,Upto 5k,8,2,2,2,2.0,Yes,4,4,3,3,Non-Travel,Divorced,8,2,Life Sciences,3,0,18,3,3,1142,72,8841,2,2
RM1133,1598,40,36-45,Female,Sales,Sales Executive,No,0,4639,Upto 5k,5,5,4,1,2.0,No,1,4,3,3,Travel_Rarely,Married,14,2,Life Sciences,1,1,15,3,3,118,84,11262,2,2
RM1157,1628,40,36-45,Female,Research & Development,Manufacturing Director,No,0,10435,10k-15k,18,18,15,14,12.0,No,3,1,2,3,Travel_Rarely,Married,15,3,Life Sciences,1,2,13,3,4,884,80,25800,2,3
RM1165,1641,40,36-45,Female,Research & Development,Manufacturing Director,No,0,7945,5k-10k,18,4,2,3,3.0,Yes,4,3,3,2,Travel_Rarely,Single,16,3,Life Sciences,6,0,15,3,4,448,84,19948,2,3
RM1172,1649,40,36-45,Male,Research & Development,Laboratory Technician,Yes,1,2166,Upto 5k,10,4,2,0,3.0,Yes,1,1,3,1,Travel_Rarely,Single,7,3,Life Sciences,3,0,14,3,2,1329,73,3339,3,1
RM1230,1724,40,36-45,Female,Research & Development,Manufacturing Director,No,0,6516,5k-10k,18,1,0,0,0.0,Yes,1,2,3,3,Travel_Rarely,Married,8,2,Life Sciences,2,1,16,3,2,369,92,5041,3,2
RM1243,1740,40,36-45,Male,Sales,Manager,No,0,19833,15k+,21,21,8,12,8.0,No,2,2,3,2,Travel_Rarely,Single,7,4,Medical,1,0,14,3,2,611,88,4349,3,5
RM1287,1802,40,36-45,Female,Research & Development,Laboratory Technician,No,0,3377,Upto 5k,7,4,3,0,2.0,No,1,3,3,2,Travel_Rarely,Married,2,2,Life Sciences,4,1,17,3,4,616,99,25605,5,1
RM1300,1822,40,36-45,Female,Research & Development,Healthcare Representative,No,0,6513,5k-10k,12,5,3,0,3.0,No,4,3,3,3,Travel_Rarely,Divorced,1,3,Life Sciences,4,1,17,3,4,1194,52,9060,3,2
RM1305,1829,40,36-45,Female,Research & Development,Healthcare Representative,No,0,4448,Upto 5k,15,7,4,7,7.0,No,1,2,3,3,Travel_Rarely,Divorced,12,3,Life Sciences,2,1,12,3,2,750,47,10748,3,2
RM1349,1892,40,36-45,Male,Research & Development,Manager,No,0,16823,15k+,22,19,7,11,16.0,No,1,1,3,3,Travel_Rarely,Divorced,1,4,Life Sciences,2,1,11,3,1,1137,98,18991,3,4
RM1410,1985,40,36-45,Female,Research & Development,Laboratory Technician,No,0,6323,5k-10k,10,10,9,9,4.0,No,3,4,3,4,Travel_Frequently,Married,11,3,Technical Degree,1,1,11,3,1,692,73,26849,2,2
RM1411,1986,40,36-45,Female,Sales,Sales Executive,No,0,5677,5k-10k,15,11,8,5,10.0,No,2,2,3,3,Travel_Rarely,Married,2,2,Marketing,3,1,14,3,3,444,92,4258,4,2
RM1428,2012,40,36-45,Male,Research & Development,Laboratory Technician,No,0,2406,Upto 5k,8,1,0,0,0.0,No,4,1,3,2,Travel_Rarely,Married,1,4,Life Sciences,8,2,19,3,3,543,83,4060,3,1
RM1456,2048,40,36-45,Male,Research & Development,Research Scientist,No,0,2809,Upto 5k,8,2,2,2,2.0,No,3,3,2,3,Travel_Rarely,Single,2,4,Life Sciences,2,0,14,3,4,1322,52,2725,2,1
RM1458,2051,40,36-45,Female,Research & Development,Research Scientist,No,0,2001,Upto 5k,20,5,3,0,2.0,No,3,3,3,3,Travel_Rarely,Married,2,4,Medical,2,3,14,3,2,1194,98,12549,2,1
RM001,1,41,36-45,Female,Sales,Sales Executive,Yes,1,5993,5k-10k,8,6,4,0,5.0,Yes,4,2,3,1,Travel_Rarely,Single,1,2,Life Sciences,8,0,11,3,1,1102,94,19479,0,2
RM046,58,41,36-45,Female,Research & Development,Research Director,Yes,1,19545,15k+,23,22,15,15,8.0,No,3,2,3,3,Travel_Rarely,Married,12,3,Technical Degree,1,0,12,3,4,1360,49,16280,0,5
RM134,176,41,36-45,Male,Sales,Sales Executive,No,0,8189,5k-10k,12,9,7,0,7.0,Yes,3,3,3,3,Travel_Rarely,Divorced,9,1,Life Sciences,3,1,13,3,3,802,96,21196,2,3
RM148,199,41,36-45,Male,Research & Development,Manager,No,0,17181,15k+,21,7,6,7,7.0,No,1,4,2,2,Travel_Frequently,Divorced,10,3,Life Sciences,4,1,13,3,2,857,91,12888,2,4
RM149,200,41,36-45,Male,Research & Development,Laboratory Technician,No,0,2238,Upto 5k,7,5,0,1,4.0,No,1,3,3,3,Travel_Rarely,Married,9,4,Life Sciences,2,1,21,4,4,933,94,6961,2,1
RM167,227,41,36-45,Male,Research & Development,Research Scientist,No,0,2451,Upto 5k,13,9,8,1,8.0,No,3,1,3,3,Travel_Rarely,Divorced,14,3,Life Sciences,4,1,12,3,1,465,56,4609,2,1
RM183,248,41,36-45,Female,Sales,Sales Representative,Yes,1,3140,Upto 5k,4,4,3,0,2.0,Yes,2,2,3,2,Travel_Rarely,Single,20,2,Marketing,1,0,22,4,4,1356,70,21728,5,1
RM216,298,41,36-45,Female,Sales,Manager,No,0,13591,10k-15k,16,1,0,0,0.0,Yes,4,4,3,3,Travel_Rarely,Single,6,3,Life Sciences,3,0,18,3,3,896,75,14674,3,3
RM243,334,41,36-45,Male,Research & Development,Research Scientist,No,0,3072,Upto 5k,17,1,0,0,0.0,No,1,3,3,2,Travel_Rarely,Divorced,19,2,Life Sciences,2,2,16,3,1,1411,36,19877,2,2
RM301,410,41,36-45,Male,Sales,Manager,No,0,16015,15k+,22,22,10,0,4.0,No,2,4,3,3,Travel_Rarely,Single,2,4,Life Sciences,1,0,19,3,2,334,88,15896,2,4
RM347,466,41,36-45,Male,Research & Development,Manufacturing Director,No,0,6032,5k-10k,8,5,4,1,2.0,Yes,2,4,2,3,Travel_Rarely,Single,6,3,Medical,6,0,15,3,4,483,95,10110,3,2
RM367,488,41,36-45,Male,Sales,Sales Executive,Yes,1,9355,5k-10k,8,8,7,7,7.0,No,2,1,3,3,Travel_Frequently,Single,4,3,Marketing,1,0,18,3,3,143,56,9558,5,2
RM404,534,41,36-45,Male,Sales,Sales Executive,No,0,8392,5k-10k,10,10,7,0,3.0,No,1,2,4,3,Travel_Rarely,Married,1,3,Marketing,1,1,16,3,3,645,49,19566,2,3
RM447,599,41,36-45,Male,Sales,Sales Executive,No,0,6230,5k-10k,16,14,3,1,10.0,No,4,4,3,3,Non-Travel,Single,10,2,Life Sciences,7,0,14,3,4,267,56,13430,3,2
RM460,616,41,36-45,Female,Research & Development,Healthcare Representative,No,0,6811,5k-10k,10,8,7,0,7.0,Yes,3,1,2,3,Non-Travel,Single,2,4,Other,2,0,17,3,1,509,62,2112,3,2
RM467,625,41,36-45,Female,Sales,Manager,No,0,16595,15k+,22,18,16,11,8.0,No,1,2,3,3,Travel_Rarely,Married,2,5,Life Sciences,7,1,16,3,2,1276,91,5626,2,4
RM536,731,41,36-45,Male,Human Resources,Manager,No,0,19141,15k+,23,21,6,12,6.0,No,4,2,2,2,Travel_Rarely,Divorced,10,4,Human Resources,3,3,15,3,2,427,73,8861,2,5
RM539,734,41,36-45,Male,Human Resources,Manager,No,0,19189,15k+,22,22,7,2,10.0,No,3,4,2,3,Travel_Rarely,Married,1,3,Human Resources,1,1,12,3,2,314,59,19562,3,5
RM668,927,41,36-45,Female,Research & Development,Laboratory Technician,Yes,1,2778,Upto 5k,10,7,7,1,0.0,Yes,4,2,1,2,Travel_Rarely,Divorced,2,4,Life Sciences,4,1,13,3,3,1085,57,17725,1,1
RM687,957,41,36-45,Male,Research & Development,Laboratory Technician,No,0,4721,Upto 5k,20,18,13,2,17.0,Yes,1,4,3,3,Travel_Rarely,Single,6,3,Medical,2,0,13,3,3,263,59,3119,3,1
RM717,999,41,36-45,Male,Research & Development,Research Director,No,0,19419,15k+,21,18,16,0,11.0,No,3,1,3,4,Travel_Frequently,Divorced,9,3,Medical,2,1,17,3,2,840,64,3735,2,5
RM738,1025,41,36-45,Female,Research & Development,Manufacturing Director,No,0,5003,5k-10k,8,2,2,2,1.0,No,3,4,3,3,Travel_Rarely,Single,7,2,Medical,6,0,14,3,2,549,42,23371,6,2
RM747,1035,41,36-45,Female,Research & Development,Research Director,No,0,19973,15k+,21,21,16,5,10.0,No,3,2,1,3,Non-Travel,Divorced,7,1,Life Sciences,1,2,22,4,2,247,55,20284,3,5
RM784,1085,41,36-45,Female,Research & Development,Research Scientist,No,0,3376,Upto 5k,10,10,6,0,8.0,No,3,2,4,3,Travel_Rarely,Married,7,2,Technical Degree,1,0,13,3,3,509,43,18863,3,1
RM831,1158,41,36-45,Male,Research & Development,Laboratory Technician,No,0,4766,Upto 5k,6,1,0,0,0.0,Yes,4,2,3,3,Travel_Rarely,Married,12,4,Life Sciences,3,1,11,3,1,167,46,9051,4,1
RM865,1210,41,36-45,Male,Research & Development,Research Scientist,Yes,1,2107,Upto 5k,5,1,0,0,0.0,No,1,1,2,1,Non-Travel,Divorced,5,2,Life Sciences,6,1,17,3,1,906,95,20293,2,1
RM952,1329,41,36-45,Male,Sales,Sales Executive,No,0,6151,5k-10k,19,19,2,11,9.0,No,2,3,1,3,Non-Travel,Single,10,2,Medical,1,0,13,3,1,256,40,22074,4,2
RM961,1349,41,36-45,Female,Sales,Sales Executive,No,0,4103,Upto 5k,10,9,3,1,7.0,No,1,3,3,3,Travel_Frequently,Divorced,1,3,Marketing,0,1,17,3,4,1018,66,4297,2,2
RM989,1392,41,36-45,Female,Research & Development,Research Scientist,No,0,5467,5k-10k,12,6,2,3,3.0,Yes,4,4,3,2,Travel_Frequently,Divorced,22,3,Life Sciences,3,2,14,3,1,1200,75,13953,4,2
RM1029,1448,41,36-45,Male,Research & Development,Research Scientist,No,0,2127,Upto 5k,7,4,2,0,3.0,Yes,3,2,4,2,Travel_Rarely,Married,5,5,Medical,2,0,12,3,1,1283,90,5561,5,1
RM1197,1678,41,36-45,Male,Sales,Sales Executive,No,0,7082,5k-10k,21,2,0,0,2.0,Yes,3,4,3,3,Travel_Rarely,Single,23,2,Life Sciences,3,0,16,3,4,1206,80,11591,2,3
RM1219,1708,41,36-45,Male,Sales,Sales Executive,No,0,9241,5k-10k,10,10,8,8,7.0,No,3,4,3,3,Travel_Rarely,Single,6,3,Marketing,1,0,12,3,2,918,35,15869,3,3
RM1229,1722,41,36-45,Male,Human Resources,Human Resources,No,0,6430,5k-10k,10,3,2,1,2.0,No,2,3,1,3,Non-Travel,Married,4,3,Human Resources,6,1,19,3,2,552,60,20794,4,2
RM1267,1772,41,36-45,Male,Research & Development,Laboratory Technician,No,0,2289,Upto 5k,5,5,3,0,4.0,No,1,3,3,3,Travel_Rarely,Divorced,9,4,Life Sciences,1,2,20,4,2,548,94,20520,2,1
RM1295,1814,41,36-45,Male,Research & Development,Healthcare Representative,No,0,6870,5k-10k,11,3,2,1,2.0,No,2,2,4,1,Travel_Rarely,Single,5,3,Life Sciences,3,0,12,3,1,447,85,15530,3,2
RM1296,1815,41,36-45,Female,Sales,Sales Executive,No,0,10447,10k-15k,23,22,14,13,5.0,Yes,3,3,3,4,Travel_Rarely,Divorced,4,1,Marketing,0,1,13,3,4,796,81,26458,3,3
RM1357,1909,41,36-45,Female,Sales,Sales Executive,No,0,4393,Upto 5k,14,5,4,1,4.0,No,2,3,3,3,Travel_Rarely,Married,8,3,Marketing,5,1,21,4,3,337,54,26841,3,2
RM1421,1999,41,36-45,Male,Research & Development,Research Scientist,No,0,2782,Upto 5k,12,5,3,1,0.0,No,4,4,3,3,Travel_Rarely,Married,1,3,Life Sciences,3,1,22,4,1,642,76,21412,3,1
RM1446,2034,41,36-45,Female,Research & Development,Manufacturing Director,No,0,13570,10k-15k,21,20,7,0,10.0,No,2,1,2,3,Travel_Rarely,Married,28,4,Life Sciences,0,1,23,4,3,582,60,5640,3,4
RM1449,2037,41,36-45,Male,Sales,Sales Executive,No,0,8938,5k-10k,14,5,4,0,4.0,No,2,3,2,3,Travel_Rarely,Divorced,3,3,Life Sciences,2,1,11,3,3,930,57,12227,5,2
RM028,35,42,36-45,Male,Sales,Sales Executive,No,0,6825,5k-10k,10,9,7,4,3.0,No,2,3,3,3,Travel_Rarely,Married,8,4,Marketing,0,1,11,3,4,691,48,21173,2,2
RM198,270,42,36-45,Female,Research & Development,Manufacturing Director,No,0,5265,5k-10k,11,5,3,0,2.0,No,3,3,3,3,Non-Travel,Divorced,21,2,Medical,2,1,16,3,2,926,36,16439,5,2
RM232,319,42,36-45,Male,Research & Development,Manager,No,0,19232,15k+,22,22,17,11,15.0,No,4,3,3,3,Travel_Rarely,Married,4,2,Technical Degree,1,0,11,3,4,532,58,4933,3,5
RM254,347,42,36-45,Female,Research & Development,Research Scientist,No,0,6545,5k-10k,10,3,2,0,3.0,Yes,1,4,4,3,Travel_Rarely,Single,17,2,Life Sciences,3,0,13,3,3,916,82,23016,1,2
RM257,351,42,36-45,Female,Research & Development,Laboratory Technician,No,0,2593,Upto 5k,10,9,6,7,3.0,Yes,1,4,2,3,Travel_Rarely,Divorced,2,3,Medical,0,1,11,3,3,269,56,8007,4,1
RM282,387,42,36-45,Male,Sales,Sales Executive,No,0,4907,Upto 5k,20,20,16,11,6.0,No,3,2,3,3,Travel_Rarely,Married,1,1,Life Sciences,1,0,25,4,3,635,99,24532,3,2
RM296,404,42,36-45,Female,Sales,Sales Executive,No,0,13525,10k-15k,23,20,4,4,8.0,No,2,3,3,4,Travel_Frequently,Married,26,3,Marketing,5,1,14,3,4,555,77,14864,2,4
RM349,468,42,36-45,Female,Research & Development,Research Director,No,0,15992,15k+,16,1,0,0,0.0,No,4,1,3,3,Travel_Rarely,Single,23,5,Life Sciences,2,0,14,3,2,810,44,15901,2,4
RM351,470,42,36-45,Male,Human Resources,Human Resources,No,0,2696,Upto 5k,4,3,2,1,0.0,Yes,3,3,3,3,Travel_Rarely,Divorced,2,1,Technical Degree,0,1,11,3,3,544,52,24017,5,1
RM357,477,42,36-45,Male,Research & Development,Healthcare Representative,No,0,6781,5k-10k,14,1,0,0,0.0,No,4,1,2,3,Travel_Rarely,Single,2,4,Other,3,0,23,4,2,1332,98,17078,6,2
RM389,517,42,36-45,Female,Research & Development,Laboratory Technician,No,0,2576,Upto 5k,8,5,2,1,2.0,No,1,2,3,3,Travel_Rarely,Divorced,1,4,Life Sciences,3,1,16,3,2,201,95,20490,5,1
RM410,547,42,36-45,Female,Research & Development,Research Scientist,No,0,4556,Upto 5k,19,5,4,0,2.0,No,3,1,3,3,Travel_Frequently,Divorced,29,2,Life Sciences,2,1,11,3,2,532,92,12932,3,2
RM414,551,42,36-45,Female,Research & Development,Healthcare Representative,No,0,4523,Upto 5k,7,6,5,0,4.0,No,4,4,2,4,Travel_Frequently,Married,28,4,Technical Degree,0,3,11,3,4,1368,88,4386,4,2
RM442,591,42,36-45,Male,Research & Development,Laboratory Technician,No,0,2093,Upto 5k,8,2,2,2,0.0,No,3,2,3,3,Travel_Frequently,Married,5,2,Other,4,1,17,3,4,1474,97,9260,4,1
RM452,605,42,36-45,Male,Research & Development,Manufacturing Director,No,0,7406,5k-10k,10,10,9,5,8.0,Yes,1,4,3,2,Travel_Rarely,Married,24,3,Medical,1,1,21,4,4,319,56,6950,5,3
RM489,659,42,36-45,Female,Research & Development,Healthcare Representative,No,0,4089,Upto 5k,10,10,2,2,2.0,No,4,3,3,3,Travel_Rarely,Married,2,4,Life Sciences,1,2,13,3,2,622,81,5718,4,2
RM548,752,42,36-45,Male,Research & Development,Research Scientist,Yes,1,2759,Upto 5k,7,2,2,2,2.0,Yes,3,3,4,3,Travel_Frequently,Divorced,19,3,Medical,6,0,12,3,4,933,57,20366,2,1
RM585,809,42,36-45,Male,Research & Development,Manager,No,0,18430,15k+,24,24,7,14,9.0,No,4,2,3,2,Travel_Frequently,Divorced,8,3,Life Sciences,1,1,13,3,2,570,66,16225,4,5
RM598,827,42,36-45,Female,Research & Development,Manufacturing Director,No,0,6062,5k-10k,8,4,3,0,2.0,Yes,4,4,2,3,Travel_Rarely,Married,1,2,Life Sciences,9,1,13,3,4,932,43,4051,4,2
RM605,836,42,36-45,Male,Research & Development,Manufacturing Director,No,0,4434,Upto 5k,10,9,8,7,8.0,No,2,2,3,2,Travel_Rarely,Married,29,3,Life Sciences,1,1,13,3,4,933,98,11806,3,2
RM633,875,42,36-45,Male,Research & Development,Research Scientist,No,0,2515,Upto 5k,8,2,1,2,2.0,Yes,4,2,3,3,Travel_Frequently,Single,2,1,Medical,5,0,14,3,4,1271,35,9068,2,1
RM644,894,42,36-45,Female,Research & Development,Laboratory Technician,No,0,5231,5k-10k,17,5,3,1,3.0,Yes,4,3,4,2,Travel_Rarely,Married,3,3,Life Sciences,2,1,13,3,2,1265,95,23726,1,2
RM673,936,42,36-45,Female,Sales,Sales Executive,No,0,6244,5k-10k,10,5,4,0,3.0,No,3,3,2,3,Travel_Rarely,Single,14,2,Medical,7,0,17,3,1,462,68,7824,6,2
RM742,1029,42,36-45,Male,Sales,Manager,No,0,18303,15k+,21,1,0,0,0.0,No,3,4,3,4,Travel_Rarely,Married,5,2,Marketing,6,0,13,3,2,265,90,7770,3,5
RM800,1109,42,36-45,Male,Research & Development,Manager,No,0,17665,15k+,23,22,6,13,7.0,No,1,4,3,3,Travel_Rarely,Married,2,2,Medical,0,1,17,3,4,469,35,14399,3,4
RM825,1148,42,36-45,Male,Research & Development,Laboratory Technician,No,0,4272,Upto 5k,16,1,0,0,0.0,No,4,2,1,3,Travel_Rarely,Single,29,3,Medical,4,0,19,3,1,188,56,9558,3,2
RM839,1167,42,36-45,Male,Sales,Sales Executive,Yes,1,13758,10k-15k,22,21,9,13,14.0,Yes,1,3,3,2,Travel_Frequently,Single,12,3,Life Sciences,0,0,12,3,2,481,44,2447,2,4
RM840,1171,42,36-45,Male,Sales,Sales Executive,No,0,5155,5k-10k,9,6,4,1,5.0,No,1,2,3,4,Travel_Rarely,Single,4,4,Marketing,7,0,13,3,4,647,45,2253,3,2
RM879,1231,42,36-45,Male,Human Resources,Human Resources,No,0,6272,5k-10k,10,4,3,0,3.0,No,1,4,4,4,Non-Travel,Married,2,5,Medical,7,1,16,3,1,179,79,12858,3,2
RM888,1242,42,36-45,Female,Research & Development,Research Director,No,0,13191,10k-15k,20,1,0,0,0.0,Yes,1,1,3,3,Travel_Frequently,Married,26,5,Medical,3,0,17,3,3,458,60,23281,6,3
RM926,1292,42,36-45,Female,Research & Development,Research Scientist,No,0,2372,Upto 5k,18,1,0,0,0.0,Yes,2,2,4,3,Travel_Rarely,Married,7,4,Medical,6,0,16,3,4,603,78,5628,2,2
RM955,1334,42,36-45,Male,Research & Development,Manager,No,0,17861,15k+,21,20,8,2,10.0,Yes,3,3,3,2,Non-Travel,Married,2,1,Life Sciences,0,0,13,3,4,495,37,26582,3,4
RM1000,1408,42,36-45,Female,Human Resources,Manager,No,0,16799,15k+,21,20,7,0,9.0,No,1,3,3,3,Travel_Rarely,Married,10,3,Human Resources,0,1,14,3,3,1147,31,16616,5,4
RM1051,1480,42,36-45,Female,Research & Development,Laboratory Technician,No,0,3673,Upto 5k,12,12,9,5,8.0,No,4,1,3,3,Travel_Frequently,Single,9,2,Medical,1,0,13,3,3,748,74,16458,3,1
RM1089,1542,42,36-45,Male,Research & Development,Laboratory Technician,No,0,4841,Upto 5k,4,1,0,0,0.0,No,2,3,2,3,Travel_Rarely,Married,2,3,Medical,4,1,14,3,2,1210,68,24052,3,1
RM1094,1547,42,36-45,Male,Research & Development,Healthcare Representative,No,0,10124,10k-15k,24,20,8,13,9.0,Yes,4,4,3,1,Travel_Frequently,Married,2,3,Life Sciences,2,1,14,3,3,288,40,18611,3,3
RM1130,1595,42,36-45,Male,Research & Development,Manager,No,0,19613,15k+,24,1,0,0,1.0,No,4,4,2,3,Travel_Rarely,Single,9,2,Other,8,0,22,4,4,1059,93,26362,2,5
RM1264,1768,42,36-45,Male,Research & Development,Laboratory Technician,No,0,2766,Upto 5k,7,5,3,0,4.0,No,2,2,3,2,Travel_Rarely,Divorced,12,3,Medical,8,3,22,4,2,855,57,8952,6,1
RM1288,1803,42,36-45,Male,Research & Development,Healthcare Representative,No,0,5538,5k-10k,10,0,0,0,0.0,No,1,2,4,2,Travel_Rarely,Married,13,3,Medical,5,2,18,3,3,1128,95,5696,2,2
RM1321,1854,42,36-45,Male,Research & Development,Research Scientist,No,0,2936,Upto 5k,10,6,3,3,3.0,No,3,3,3,2,Non-Travel,Married,10,4,Technical Degree,3,2,22,4,2,355,38,6161,1,1
RM1326,1860,42,36-45,Male,Research & Development,Laboratory Technician,No,0,3968,Upto 5k,8,0,0,0,0.0,No,3,4,3,3,Travel_Rarely,Single,8,3,Life Sciences,4,0,13,3,4,1142,81,13624,3,1
RM1358,1911,42,36-45,Male,Research & Development,Research Director,No,0,13348,10k-15k,18,13,7,5,7.0,No,1,3,3,4,Travel_Rarely,Married,6,3,Medical,9,1,13,3,2,1396,83,14842,3,3
RM1379,1943,42,36-45,Male,Sales,Sales Executive,No,0,5087,5k-10k,14,0,0,0,0.0,Yes,4,2,3,3,Travel_Rarely,Divorced,12,4,Marketing,3,2,12,3,3,419,77,2900,4,2
RM1405,1976,42,36-45,Male,Research & Development,Research Scientist,No,0,4332,Upto 5k,20,20,9,3,7.0,No,3,4,2,3,Non-Travel,Single,23,2,Life Sciences,1,0,12,3,4,335,37,14811,2,2
RM1420,1998,42,36-45,Male,Research & Development,Research Scientist,No,0,5410,5k-10k,9,4,3,1,2.0,Yes,1,4,3,2,Travel_Rarely,Divorced,18,4,Life Sciences,6,1,17,3,3,557,35,11189,3,2
RM1444,2031,42,36-45,Male,Research & Development,Manager,No,0,18880,15k+,24,22,6,4,14.0,No,3,1,3,2,Travel_Rarely,Married,2,3,Life Sciences,5,0,11,3,1,300,56,17312,2,5
RM036,46,43,36-45,Female,Research & Development,Research Scientist,No,0,2645,Upto 5k,6,5,3,1,4.0,No,3,4,4,2,Travel_Rarely,Divorced,2,2,Medical,1,2,12,3,4,1273,72,21923,3,1
RM120,158,43,36-45,Male,Sales,Manager,No,0,16959,15k+,25,25,12,4,12.0,Yes,4,3,3,4,Travel_Frequently,Married,26,2,Life Sciences,1,2,12,3,4,394,92,19494,3,4
RM131,171,43,36-45,Female,Research & Development,Research Scientist,No,0,4739,Upto 5k,18,3,2,1,2.0,No,3,2,4,3,Travel_Frequently,Single,28,3,Medical,4,0,12,3,4,957,72,16090,2,1
RM194,262,43,36-45,Male,Research & Development,Research Scientist,No,0,2089,Upto 5k,7,5,4,2,2.0,No,4,4,4,4,Non-Travel,Divorced,7,3,Medical,4,3,14,3,4,1344,37,5228,3,1
RM236,327,43,36-45,Female,Sales,Manager,No,0,16064,15k+,22,17,13,1,9.0,Yes,4,4,3,3,Travel_Rarely,Married,16,3,Marketing,5,1,22,4,3,1034,80,7744,3,4
RM316,430,43,36-45,Female,Research & Development,Laboratory Technician,No,0,2455,Upto 5k,9,8,7,1,7.0,No,4,3,3,3,Travel_Frequently,Single,10,4,Life Sciences,0,0,19,3,1,185,33,10675,5,1
RM331,448,43,36-45,Female,Research & Development,Laboratory Technician,No,0,5257,5k-10k,9,9,7,0,0.0,No,3,3,2,4,Travel_Frequently,Divorced,10,4,Life Sciences,1,1,11,3,2,559,82,6227,3,2
RM334,451,43,36-45,Female,Research & Development,Healthcare Representative,No,0,9985,5k-10k,10,1,0,0,0.0,No,1,3,3,2,Travel_Rarely,Married,7,3,Life Sciences,8,1,16,3,1,1001,43,9262,1,3
RM391,520,43,36-45,Male,Research & Development,Research Director,No,0,14336,10k-15k,25,25,10,3,9.0,No,2,1,2,3,Travel_Rarely,Divorced,12,3,Life Sciences,1,1,11,3,3,982,59,4345,3,4
RM396,525,43,36-45,Male,Research & Development,Laboratory Technician,No,0,2258,Upto 5k,8,3,2,1,2.0,No,4,4,3,3,Travel_Frequently,Married,21,3,Medical,7,1,20,4,1,313,61,15238,1,1
RM397,526,43,36-45,Female,Research & Development,Healthcare Representative,No,0,4522,Upto 5k,8,5,2,0,2.0,Yes,3,3,3,3,Travel_Rarely,Divorced,8,4,Other,4,0,14,3,4,1473,74,2227,3,2
RM490,661,43,36-45,Male,Research & Development,Research Director,No,0,16627,15k+,21,1,0,0,0.0,Yes,4,2,2,2,Travel_Rarely,Divorced,6,4,Other,4,1,14,3,3,782,50,2671,3,4
RM492,663,43,36-45,Male,Research & Development,Laboratory Technician,No,0,5679,5k-10k,10,8,7,4,7.0,Yes,3,4,3,3,Travel_Frequently,Divorced,9,5,Medical,3,1,13,3,2,1001,72,19627,3,2
RM549,754,43,36-45,Male,Sales,Sales Executive,No,0,6804,5k-10k,7,2,2,2,2.0,No,4,4,2,3,Travel_Frequently,Married,15,3,Life Sciences,3,1,18,3,3,775,47,23683,5,2
RM610,843,43,36-45,Male,Research & Development,Research Director,No,0,17159,15k+,22,4,1,1,0.0,No,1,2,3,3,Travel_Rarely,Married,14,2,Life Sciences,6,1,24,4,3,589,94,5200,3,4
RM651,902,43,36-45,Female,Research & Development,Healthcare Representative,No,0,5562,5k-10k,12,5,2,2,2.0,No,4,4,3,2,Travel_Frequently,Married,1,3,Life Sciences,4,1,13,3,2,422,33,21782,2,2
RM662,920,43,36-45,Female,Research & Development,Manufacturing Director,No,0,4765,Upto 5k,4,1,0,0,0.0,No,2,1,3,4,Travel_Rarely,Divorced,8,3,Life Sciences,4,1,21,4,3,177,55,23814,2,2
RM776,1076,43,36-45,Male,Sales,Sales Executive,No,0,10798,10k-15k,18,1,0,0,0.0,No,4,3,2,3,Travel_Rarely,Divorced,25,3,Medical,5,1,13,3,3,415,79,5268,5,3
RM813,1126,43,36-45,Female,Research & Development,Manufacturing Director,No,0,10820,10k-15k,18,8,7,0,1.0,No,1,3,3,3,Travel_Frequently,Married,27,3,Life Sciences,8,1,11,3,3,1082,83,11535,1,3
RM850,1188,43,36-45,Female,Sales,Sales Executive,Yes,1,5346,5k-10k,7,4,3,1,3.0,No,3,1,1,2,Travel_Rarely,Single,9,3,Marketing,8,0,13,3,2,1372,85,9489,2,2
RM899,1255,43,36-45,Male,Research & Development,Research Director,No,0,19740,15k+,25,8,7,0,7.0,No,4,3,1,3,Travel_Rarely,Married,3,3,Life Sciences,3,1,14,3,2,920,96,18625,2,5
RM927,1293,43,36-45,Female,Sales,Sales Executive,No,0,10231,10k-15k,23,21,7,15,17.0,No,4,4,2,4,Travel_Rarely,Single,4,4,Marketing,3,0,14,3,4,531,56,20364,3,3
RM996,1402,43,36-45,Female,Research & Development,Research Scientist,No,0,4081,Upto 5k,20,20,7,1,8.0,Yes,3,1,2,1,Travel_Rarely,Single,6,3,Medical,1,0,14,3,1,930,73,20003,3,2
RM1134,1599,43,36-45,Male,Research & Development,Laboratory Technician,No,0,4876,Upto 5k,8,6,4,0,2.0,No,2,4,4,3,Travel_Rarely,Divorced,27,3,Technical Degree,5,1,12,3,3,990,87,5855,0,1
RM1186,1666,43,36-45,Male,Research & Development,Research Director,No,0,17603,15k+,14,14,10,6,11.0,No,3,3,2,3,Travel_Rarely,Married,15,2,Life Sciences,1,1,24,4,1,1291,65,3525,3,4
RM1217,1706,43,36-45,Male,Sales,Sales Executive,No,0,7847,5k-10k,10,10,9,8,8.0,Yes,4,4,3,3,Travel_Rarely,Married,2,3,Medical,1,1,17,3,1,1179,73,6069,3,2
RM1263,1767,43,36-45,Male,Research & Development,Research Scientist,Yes,1,2437,Upto 5k,6,1,0,0,0.0,Yes,3,3,2,3,Travel_Frequently,Married,17,3,Technical Degree,9,1,16,3,4,807,38,15587,4,1
RM1270,1778,43,36-45,Male,Human Resources,Human Resources,No,0,3539,Upto 5k,10,9,7,1,8.0,No,4,2,3,3,Travel_Rarely,Single,2,3,Life Sciences,0,0,13,3,2,244,97,5033,5,1
RM1294,1813,43,36-45,Male,Research & Development,Research Scientist,No,0,2438,Upto 5k,7,3,2,1,2.0,No,3,1,3,2,Non-Travel,Single,9,3,Life Sciences,4,0,13,3,3,343,52,24978,2,1
RM1317,1849,43,36-45,Male,Sales,Sales Executive,No,0,5675,5k-10k,7,7,7,7,7.0,No,4,1,3,3,Travel_Frequently,Married,2,4,Life Sciences,1,1,20,4,3,1422,92,19246,5,2
RM1331,1866,43,36-45,Female,Research & Development,Manager,No,0,19392,15k+,21,16,12,6,14.0,No,3,1,2,3,Travel_Rarely,Married,6,3,Medical,7,0,13,3,4,823,81,22539,2,5
RM1400,1971,43,36-45,Male,Research & Development,Healthcare Representative,No,0,7510,5k-10k,10,10,9,0,9.0,No,3,1,3,3,Travel_Rarely,Married,11,3,Life Sciences,1,1,17,3,2,574,30,16873,1,3
RM029,36,44,36-45,Female,Research & Development,Healthcare Representative,No,0,10248,10k-15k,24,22,6,5,3.0,No,4,1,2,3,Travel_Rarely,Married,7,4,Medical,3,1,14,3,4,477,42,2094,4,3
RM032,40,44,36-45,Male,Research & Development,Healthcare Representative,No,0,6465,5k-10k,9,4,2,1,3.0,Yes,4,4,3,4,Travel_Rarely,Married,10,4,Other,2,0,13,3,4,1459,41,19121,5,2
RM053,68,44,36-45,Female,Sales,Sales Executive,No,0,5454,5k-10k,9,4,3,1,3.0,Yes,1,2,3,2,Travel_Rarely,Divorced,1,5,Marketing,5,1,21,4,3,1488,75,4009,2,2
RM100,132,44,36-45,Male,Research & Development,Laboratory Technician,No,0,2042,Upto 5k,17,3,2,1,2.0,No,2,2,3,4,Non-Travel,Married,23,3,Medical,4,1,12,3,3,489,67,25043,3,2
RM287,392,44,36-45,Male,Research & Development,Laboratory Technician,Yes,1,3161,Upto 5k,19,1,0,0,0.0,Yes,3,4,3,1,Travel_Frequently,Divorced,24,3,Life Sciences,3,1,22,4,4,920,43,19920,0,1
RM494,665,44,36-45,Female,Human Resources,Human Resources,No,0,5985,5k-10k,10,2,2,0,2.0,No,3,1,2,4,Travel_Rarely,Single,1,4,Life Sciences,4,0,11,3,2,1112,50,26894,1,2
RM498,671,44,36-45,Male,Research & Development,Manager,No,0,19513,15k+,26,2,2,0,1.0,Yes,4,4,3,4,Travel_Rarely,Married,3,4,Other,4,1,12,3,1,1315,35,9358,2,5
RM544,744,44,36-45,Male,Research & Development,Laboratory Technician,No,0,3708,Upto 5k,9,5,2,1,4.0,No,3,1,1,3,Non-Travel,Single,24,3,Medical,2,0,14,3,3,381,49,2104,5,1
RM618,852,44,36-45,Male,Research & Development,Healthcare Representative,No,0,5933,5k-10k,10,5,2,2,3.0,No,2,4,3,2,Travel_Rarely,Single,4,3,Medical,9,0,12,3,4,625,50,5197,2,2
RM632,874,44,36-45,Male,Research & Development,Laboratory Technician,No,0,2818,Upto 5k,10,3,2,0,2.0,Yes,4,1,4,2,Travel_Rarely,Married,8,4,Life Sciences,2,1,24,4,3,986,62,5044,2,1
RM659,913,44,36-45,Male,Research & Development,Research Scientist,No,0,2559,Upto 5k,8,8,7,7,1.0,Yes,1,2,3,3,Travel_Rarely,Married,9,2,Life Sciences,1,0,13,3,4,661,61,7508,0,1
RM751,1039,44,36-45,Female,Sales,Sales Executive,No,0,13320,10k-15k,23,12,11,11,11.0,Yes,4,4,4,3,Travel_Rarely,Married,28,3,Medical,3,1,18,3,3,1448,53,11737,2,4
RM790,1098,44,36-45,Male,Human Resources,Human Resources,Yes,1,10482,10k-15k,24,20,6,3,6.0,No,1,2,2,3,Travel_Rarely,Married,1,2,Medical,9,1,14,3,4,1376,91,2326,1,3
RM858,1200,44,36-45,Male,Research & Development,Research Scientist,Yes,1,2936,Upto 5k,6,6,4,0,2.0,Yes,3,3,3,3,Travel_Rarely,Single,10,4,Life Sciences,1,0,11,3,3,1097,96,10826,4,1
RM863,1206,44,36-45,Male,Research & Development,Research Scientist,No,0,2290,Upto 5k,6,0,0,0,0.0,No,3,4,1,3,Non-Travel,Single,17,3,Life Sciences,2,0,13,3,4,111,74,4279,3,1
RM876,1225,44,36-45,Male,Research & Development,Research Scientist,No,0,4541,Upto 5k,20,20,11,13,17.0,No,4,4,3,3,Travel_Rarely,Single,29,4,Other,1,0,25,4,2,200,32,7744,3,2
RM892,1246,44,36-45,Female,Research & Development,Research Scientist,No,0,2011,Upto 5k,10,10,5,7,7.0,No,4,1,4,3,Travel_Rarely,Married,2,1,Life Sciences,1,1,13,3,4,1117,72,19982,5,1
RM908,1267,44,36-45,Male,Sales,Manager,No,0,18213,15k+,26,22,9,3,10.0,No,2,2,3,3,Travel_Rarely,Married,5,3,Marketing,7,1,11,3,3,1099,88,8751,5,5
RM923,1288,44,36-45,Male,Research & Development,Manager,No,0,19190,15k+,26,25,9,14,13.0,No,1,3,4,2,Travel_Rarely,Divorced,4,2,Life Sciences,1,2,14,3,4,1199,92,17477,4,5
RM929,1295,44,36-45,Female,Research & Development,Healthcare Representative,Yes,1,7978,5k-10k,10,10,7,0,5.0,No,4,1,3,3,Travel_Rarely,Married,15,3,Medical,1,1,11,3,4,621,73,14075,2,3
RM954,1333,44,36-45,Male,Research & Development,Laboratory Technician,Yes,1,2362,Upto 5k,10,3,2,1,2.0,No,1,1,3,4,Travel_Rarely,Married,3,3,Life Sciences,4,0,12,3,3,935,89,14669,4,1
RM1043,1471,44,36-45,Male,Research & Development,Laboratory Technician,No,0,3162,Upto 5k,7,5,2,0,3.0,No,3,3,2,3,Non-Travel,Single,5,3,Life Sciences,3,0,14,3,4,981,90,7973,5,1
RM1047,1475,44,36-45,Male,Research & Development,Research Scientist,No,0,3420,Upto 5k,6,5,2,1,3.0,No,2,4,3,2,Travel_Rarely,Single,20,3,Life Sciences,1,0,13,3,3,1467,49,21158,3,1
RM1052,1481,44,36-45,Female,Sales,Sales Executive,No,0,4768,Upto 5k,11,1,0,0,0.0,No,3,1,3,2,Travel_Frequently,Married,1,5,Marketing,7,1,12,3,3,383,79,9282,4,2
RM1063,1496,44,36-45,Male,Research & Development,Manufacturing Director,No,0,10209,10k-15k,16,2,2,2,2.0,Yes,3,2,3,2,Travel_Frequently,Single,2,1,Medical,5,0,18,3,2,1193,86,19719,2,3
RM1079,1523,44,36-45,Male,Research & Development,Research Director,No,0,16328,15k+,24,20,6,14,17.0,No,1,4,3,4,Travel_Rarely,Married,28,3,Life Sciences,3,1,13,3,3,136,32,22074,1,4
RM1141,1608,44,36-45,Female,Research & Development,Research Director,No,0,19049,15k+,23,22,7,1,10.0,Yes,4,2,3,2,Travel_Rarely,Divorced,7,3,Medical,0,1,14,3,4,1313,31,3549,4,5
RM1166,1642,44,36-45,Male,Human Resources,Human Resources,No,0,5743,5k-10k,14,10,7,0,2.0,Yes,4,1,3,3,Travel_Frequently,Married,1,5,Human Resources,4,0,11,3,3,602,37,10503,3,2
RM1201,1683,44,36-45,Female,Human Resources,Human Resources,No,0,3195,Upto 5k,8,2,2,2,2.0,Yes,4,3,3,3,Travel_Rarely,Divorced,1,3,Life Sciences,4,3,18,3,1,528,44,4167,2,1
RM1215,1703,44,36-45,Female,Research & Development,Healthcare Representative,No,0,7879,5k-10k,9,8,7,6,7.0,Yes,4,3,4,3,Travel_Rarely,Married,2,3,Life Sciences,1,1,19,3,2,921,96,14810,2,3
RM1280,1792,44,36-45,Male,Research & Development,Research Scientist,Yes,1,2342,Upto 5k,6,5,3,2,3.0,Yes,2,3,3,2,Travel_Frequently,Divorced,1,2,Medical,1,3,12,3,3,429,99,11092,2,1
RM1353,1903,44,36-45,Male,Research & Development,Healthcare Representative,No,0,5033,5k-10k,10,2,0,2,2.0,No,1,2,4,3,Travel_Rarely,Married,1,4,Life Sciences,2,1,15,3,4,170,78,9364,5,2
RM1436,2020,44,36-45,Male,Research & Development,Research Scientist,No,0,2436,Upto 5k,6,4,3,1,2.0,Yes,4,2,3,3,Travel_Rarely,Single,1,3,Medical,6,0,12,3,3,1037,42,13422,2,1
RM068,86,45,36-45,Male,Research & Development,Research Scientist,No,0,9724,5k-10k,25,1,0,0,0.0,No,1,2,3,3,Travel_Rarely,Divorced,7,3,Life Sciences,2,1,17,3,3,1339,59,18787,2,3
RM078,101,45,36-45,Male,Research & Development,Research Director,No,0,13245,10k-15k,17,0,0,0,3.0,Yes,1,4,3,4,Travel_Rarely,Married,6,4,Other,4,0,14,3,2,193,52,15067,3,3
RM142,192,45,36-45,Male,Research & Development,Research Scientist,No,0,3452,Upto 5k,9,6,5,0,3.0,No,4,3,3,2,Travel_Rarely,Single,29,3,Medical,5,0,13,3,2,1316,83,9752,2,1
RM154,206,45,36-45,Male,Research & Development,Laboratory Technician,No,0,2348,Upto 5k,20,17,9,0,15.0,No,2,2,3,1,Travel_Rarely,Divorced,9,3,Life Sciences,8,1,18,3,3,194,60,10901,2,2
RM175,240,45,36-45,Female,Sales,Sales Executive,No,0,5006,5k-10k,9,5,4,0,3.0,Yes,1,3,3,4,Travel_Rarely,Divorced,4,2,Life Sciences,4,1,11,3,1,1268,30,6319,3,2
RM195,264,45,36-45,Male,Research & Development,Manager,No,0,16792,15k+,22,20,8,11,8.0,No,4,1,2,3,Non-Travel,Married,2,2,Medical,9,1,23,4,4,1195,65,20462,1,4
RM219,302,45,36-45,Female,Sales,Sales Executive,No,0,8865,5k-10k,23,19,7,12,8.0,No,4,4,2,3,Non-Travel,Single,6,3,Medical,6,0,12,3,4,1052,57,16840,2,3
RM245,336,45,36-45,Male,Research & Development,Manager,No,0,19202,15k+,25,24,0,1,7.0,No,4,3,4,3,Travel_Rarely,Married,1,3,Other,0,1,11,3,3,252,70,15970,2,5
RM250,341,45,36-45,Male,Research & Development,Manufacturing Director,No,0,6434,5k-10k,9,3,2,0,3.0,No,3,1,4,3,Travel_Frequently,Married,7,4,Life Sciences,4,1,17,3,4,1199,77,5118,1,2
RM269,372,45,36-45,Male,Research & Development,Healthcare Representative,No,0,13496,10k-15k,21,20,7,4,10.0,Yes,4,3,3,3,Travel_Rarely,Married,20,2,Medical,0,0,14,3,2,1385,79,7501,2,4
RM312,425,45,36-45,Male,Research & Development,Laboratory Technician,No,0,5210,5k-10k,24,24,9,9,11.0,No,1,1,3,3,Travel_Frequently,Divorced,7,3,Life Sciences,1,1,18,3,1,1249,97,20308,2,3
RM335,452,45,36-45,Male,Research & Development,Research Scientist,No,0,3697,Upto 5k,12,10,9,9,8.0,No,4,4,3,3,Travel_Rarely,Married,8,4,Other,9,2,14,3,1,549,75,9278,3,2
RM408,544,45,36-45,Male,Research & Development,Research Scientist,No,0,2654,Upto 5k,8,2,2,0,3.0,No,4,1,3,2,Travel_Rarely,Married,10,2,Life Sciences,3,2,21,4,4,192,69,9655,3,1
RM453,606,45,36-45,Male,Sales,Sales Executive,No,0,4805,Upto 5k,9,8,7,3,7.0,No,2,4,3,4,Travel_Rarely,Married,2,3,Other,0,1,19,3,2,561,61,16177,3,2
RM505,684,45,36-45,Female,Sales,Sales Executive,Yes,1,4286,Upto 5k,5,1,1,0,0.0,No,1,1,3,3,Travel_Frequently,Married,26,4,Life Sciences,2,2,14,3,4,306,100,5630,4,2
RM565,783,45,36-45,Male,Sales,Sales Representative,No,0,6632,5k-10k,9,8,7,3,1.0,No,3,2,1,3,Travel_Rarely,Single,2,2,Technical Degree,0,0,13,3,1,954,46,12388,3,2
RM604,834,45,36-45,Female,Research & Development,Research Scientist,No,0,2274,Upto 5k,1,1,0,0,0.0,No,3,2,2,3,Travel_Rarely,Single,2,3,Life Sciences,1,0,14,3,4,252,95,6153,3,1
RM626,864,45,36-45,Male,Sales,Sales Executive,No,0,10761,10k-15k,18,5,4,0,2.0,Yes,1,4,3,3,Travel_Rarely,Divorced,9,3,Marketing,4,1,12,3,3,930,74,19239,2,3
RM697,972,45,36-45,Male,Research & Development,Laboratory Technician,No,0,4447,Upto 5k,9,9,7,0,8.0,No,2,3,3,2,Non-Travel,Married,4,2,Life Sciences,1,0,12,3,2,805,57,23163,5,2
RM714,996,45,36-45,Female,Research & Development,Laboratory Technician,No,0,2270,Upto 5k,8,5,3,0,2.0,No,4,4,3,3,Travel_Rarely,Divorced,1,4,Medical,3,2,14,3,4,974,91,11005,2,1
RM719,1002,45,36-45,Male,Research & Development,Laboratory Technician,No,0,3633,Upto 5k,9,9,8,0,8.0,Yes,1,4,3,3,Non-Travel,Married,23,2,Life Sciences,1,1,15,3,3,248,42,14039,2,2
RM756,1045,45,36-45,Female,Sales,Manager,No,0,17650,15k+,26,9,3,1,1.0,No,4,4,3,4,Travel_Rarely,Married,11,2,Life Sciences,3,1,13,3,2,1234,90,5404,4,4
RM760,1049,45,36-45,Male,Human Resources,Human Resources,No,0,2177,Upto 5k,6,6,3,0,4.0,No,2,2,3,3,Travel_Rarely,Single,24,4,Medical,1,0,16,3,1,788,36,8318,3,1
RM806,1117,45,36-45,Female,Sales,Sales Executive,No,0,5593,5k-10k,15,15,10,4,12.0,No,3,2,2,3,Non-Travel,Married,9,4,Life Sciences,1,1,13,3,4,1050,65,17970,2,2
RM855,1195,45,36-45,Female,Research & Development,Research Scientist,No,0,4477,Upto 5k,7,3,2,0,2.0,Yes,3,1,3,2,Travel_Rarely,Married,7,3,Medical,4,1,19,3,3,1457,83,20100,2,1
RM914,1277,45,36-45,Female,Sales,Manager,Yes,1,18824,15k+,26,24,10,1,11.0,Yes,2,1,1,3,Travel_Rarely,Single,2,3,Marketing,2,0,16,3,1,1449,94,2493,2,5
RM937,1306,45,36-45,Female,Research & Development,Manager,No,0,18061,15k+,22,0,0,0,0.0,No,2,2,3,3,Travel_Frequently,Single,25,3,Medical,3,0,22,4,3,364,83,13035,4,5
RM1035,1460,45,36-45,Male,Research & Development,Healthcare Representative,No,0,10851,10k-15k,24,7,7,0,7.0,Yes,1,2,1,3,Travel_Rarely,Divorced,20,3,Medical,2,1,18,3,2,1038,95,19863,2,3
RM1038,1465,45,36-45,Male,Research & Development,Manufacturing Director,No,0,9380,5k-10k,10,3,1,1,2.0,Yes,4,2,3,4,Travel_Rarely,Married,29,3,Technical Degree,4,2,18,3,4,1448,55,14720,4,3
RM1093,1546,45,36-45,Male,Research & Development,Research Scientist,No,0,2132,Upto 5k,8,5,4,0,3.0,No,4,4,3,3,Travel_Rarely,Married,28,3,Technical Degree,4,1,20,4,4,950,97,4585,3,1
RM1100,1553,45,36-45,Male,Research & Development,Healthcare Representative,No,0,7441,5k-10k,10,10,8,7,7.0,No,2,1,3,3,Travel_Rarely,Divorced,1,4,Technical Degree,1,3,12,3,1,538,66,20933,4,3
RM1143,1611,45,36-45,Female,Research & Development,Laboratory Technician,No,0,5769,5k-10k,10,10,7,1,4.0,Yes,1,3,1,3,Travel_Rarely,Single,5,5,Medical,1,0,14,3,1,1015,50,23447,3,2
RM1144,1612,45,36-45,Male,Sales,Sales Executive,No,0,4385,Upto 5k,10,10,7,4,5.0,No,1,1,2,3,Non-Travel,Married,26,3,Marketing,1,1,15,3,1,336,52,24162,2,2
RM1161,1635,45,36-45,Female,Research & Development,Manufacturing Director,No,0,5770,5k-10k,10,10,7,3,9.0,No,4,4,2,3,Travel_Rarely,Divorced,2,2,Other,1,2,19,3,1,1329,59,5388,3,2
RM1222,1712,45,36-45,Male,Research & Development,Healthcare Representative,No,0,10748,10k-15k,25,23,15,14,4.0,No,3,3,2,2,Non-Travel,Married,1,1,Life Sciences,3,1,23,4,4,1238,74,3395,3,3
RM1226,1719,45,36-45,Female,Research & Development,Research Director,No,0,16704,15k+,21,21,6,8,6.0,No,2,4,2,3,Travel_Rarely,Single,28,2,Technical Degree,1,0,11,3,3,1005,48,17119,2,4
RM1244,1744,45,36-45,Female,Human Resources,Human Resources,No,0,9756,5k-10k,9,5,0,0,3.0,No,3,3,1,4,Travel_Rarely,Married,4,3,Life Sciences,4,2,21,4,3,176,56,6595,2,3
RM1315,1845,45,36-45,Female,Sales,Sales Executive,No,0,5154,5k-10k,10,8,7,5,7.0,No,3,3,3,4,Non-Travel,Married,2,4,Life Sciences,4,2,22,4,2,589,67,19665,3,2
RM1347,1888,45,36-45,Female,Research & Development,Manufacturing Director,No,0,5906,5k-10k,10,9,8,3,8.0,No,4,2,2,2,Travel_Rarely,Married,25,2,Life Sciences,0,2,13,3,4,556,93,23888,2,2
RM1363,1922,45,36-45,Male,Research & Development,Healthcare Representative,No,0,5399,5k-10k,12,4,2,0,3.0,No,3,2,3,3,Travel_Frequently,Single,1,4,Medical,4,0,12,3,3,1297,44,14511,3,2
RM1455,2046,45,36-45,Female,Sales,Sales Executive,No,0,4850,Upto 5k,8,5,3,0,1.0,No,3,4,3,3,Travel_Rarely,Single,20,3,Life Sciences,8,0,15,3,3,374,50,23333,3,2
RM030,38,46,46-55,Female,Sales,Manager,No,0,18947,15k+,22,2,2,2,3.0,No,1,2,3,2,Travel_Rarely,Single,2,4,Marketing,3,0,12,3,4,705,83,22822,2,5
RM049,62,46,46-55,Male,Sales,Sales Executive,No,0,5772,5k-10k,14,9,6,0,8.0,Yes,4,1,3,3,Travel_Frequently,Single,5,4,Marketing,4,0,21,4,3,1211,98,20445,4,2
RM080,103,46,46-55,Male,Human Resources,Human Resources,No,0,5021,5k-10k,16,4,2,0,2.0,Yes,2,2,3,3,Travel_Rarely,Divorced,5,2,Medical,8,1,22,4,4,945,80,10425,2,2
RM090,118,46,46-55,Male,Sales,Sales Executive,Yes,1,9619,5k-10k,9,9,8,4,7.0,No,4,3,2,3,Travel_Rarely,Single,9,2,Medical,1,0,16,3,4,669,64,13596,3,3
RM094,124,46,46-55,Male,Research & Development,Healthcare Representative,No,0,10673,10k-15k,21,10,9,9,5.0,Yes,1,3,2,2,Travel_Frequently,Married,1,3,Medical,2,1,13,3,3,638,40,3142,5,3
RM179,244,46,46-55,Female,Sales,Sales Executive,No,0,10453,10k-15k,24,24,13,15,7.0,No,1,2,3,3,Travel_Rarely,Divorced,1,2,Marketing,1,3,25,4,3,526,92,2137,2,3
RM210,288,46,46-55,Male,Research & Development,Healthcare Representative,No,0,9396,5k-10k,17,4,2,0,3.0,No,1,4,3,3,Travel_Rarely,Divorced,1,4,Medical,7,1,16,3,3,644,97,12368,3,3
RM264,363,46,46-55,Female,Sales,Manager,No,0,16872,15k+,28,7,7,7,7.0,Yes,2,3,1,2,Travel_Rarely,Married,2,3,Technical Degree,3,1,12,3,2,488,75,14977,2,4
RM366,487,46,46-55,Female,Research & Development,Manufacturing Director,No,0,5258,5k-10k,7,1,0,0,0.0,No,3,3,3,4,Non-Travel,Married,7,4,Medical,2,0,14,3,3,1144,30,16044,2,2
RM413,550,46,46-55,Female,Research & Development,Manufacturing Director,No,0,4810,Upto 5k,19,10,7,0,8.0,No,3,3,3,2,Travel_Rarely,Divorced,18,3,Medical,2,1,14,3,3,1485,87,26314,5,2
RM430,575,46,46-55,Male,Research & Development,Research Director,No,0,17861,15k+,26,3,2,0,1.0,No,3,1,3,1,Travel_Rarely,Married,2,3,Life Sciences,6,0,13,3,3,1009,51,2288,2,4
RM434,580,46,46-55,Female,Sales,Sales Executive,No,0,9071,5k-10k,15,3,2,1,2.0,Yes,4,3,2,3,Travel_Rarely,Married,10,3,Marketing,2,1,19,3,3,1125,94,11563,3,3
RM466,624,46,46-55,Female,Research & Development,Healthcare Representative,No,0,10527,10k-15k,28,2,2,1,2.0,No,3,1,3,2,Travel_Frequently,Married,18,1,Medical,5,0,11,3,4,1034,86,8984,3,3
RM724,1007,46,46-55,Male,Research & Development,Manufacturing Director,No,0,10845,10k-15k,13,8,7,0,7.0,No,3,4,3,3,Travel_Rarely,Divorced,7,2,Medical,6,1,13,3,2,566,75,24208,3,3
RM771,1069,46,46-55,Male,Research & Development,Research Director,No,0,19627,15k+,23,2,2,2,2.0,No,4,4,3,3,Travel_Rarely,Divorced,1,4,Medical,9,2,17,3,4,430,40,21445,0,5
RM779,1080,46,46-55,Female,Research & Development,Research Scientist,No,0,4615,Upto 5k,19,16,13,1,7.0,Yes,1,4,2,3,Travel_Rarely,Divorced,8,4,Life Sciences,8,3,23,4,1,1003,74,21029,2,2
RM811,1124,46,46-55,Male,Sales,Manager,No,0,17465,15k+,23,12,9,4,9.0,No,3,1,3,3,Travel_Rarely,Married,3,1,Marketing,3,1,12,3,4,406,52,15596,3,4
RM862,1204,46,46-55,Female,Sales,Manager,No,0,17048,15k+,28,26,15,15,9.0,No,1,3,3,3,Travel_Rarely,Married,2,3,Marketing,8,0,23,4,1,1402,69,24097,2,4
RM870,1217,46,46-55,Male,Research & Development,Research Director,No,0,19081,15k+,25,4,2,0,3.0,No,2,4,3,3,Travel_Rarely,Married,15,2,Life Sciences,5,1,11,3,1,1450,52,10849,2,5
RM878,1228,46,46-55,Male,Research & Development,Manufacturing Director,No,0,7379,5k-10k,12,6,3,1,4.0,No,4,4,3,2,Travel_Rarely,Divorced,2,4,Technical Degree,2,1,11,3,3,150,60,17433,3,2
RM917,1280,46,46-55,Female,Sales,Manager,No,0,18789,15k+,26,11,4,0,8.0,No,2,4,2,3,Travel_Rarely,Married,4,2,Marketing,2,1,14,3,3,168,33,9946,2,5
RM944,1314,46,46-55,Female,Human Resources,Human Resources,No,0,3423,Upto 5k,10,7,6,5,7.0,No,1,4,3,4,Travel_Rarely,Single,1,2,Life Sciences,6,0,12,3,3,991,44,22957,3,1
RM1032,1457,46,46-55,Male,Sales,Sales Executive,Yes,1,10096,10k-15k,28,7,7,4,3.0,No,4,1,3,4,Travel_Rarely,Divorced,9,3,Marketing,4,1,11,3,1,377,52,15986,1,3
RM1081,1527,46,46-55,Female,Sales,Manager,No,0,16606,15k+,23,13,12,5,1.0,No,2,3,3,4,Travel_Rarely,Married,3,3,Life Sciences,8,1,12,3,4,228,51,11380,2,4
RM1136,1602,46,46-55,Male,Sales,Manager,No,0,17567,15k+,27,26,0,0,12.0,No,1,4,4,1,Travel_Rarely,Single,1,4,Life Sciences,1,0,15,3,2,563,56,3156,5,4
RM1232,1727,46,46-55,Male,Research & Development,Healthcare Representative,No,0,5562,5k-10k,19,10,7,0,9.0,No,2,3,3,3,Travel_Rarely,Single,13,4,Life Sciences,6,0,14,3,4,717,34,9697,3,2
RM1236,1732,46,46-55,Male,Sales,Sales Executive,No,0,10368,10k-15k,13,10,6,0,3.0,Yes,4,3,3,2,Travel_Rarely,Divorced,2,3,Life Sciences,4,1,12,3,2,1277,74,5596,5,3
RM1278,1789,46,46-55,Male,Research & Development,Research Director,No,0,19328,15k+,24,2,1,2,2.0,Yes,4,3,3,3,Travel_Rarely,Divorced,2,4,Medical,7,1,17,3,3,734,46,14218,3,5
RM1286,1801,46,46-55,Male,Sales,Sales Executive,No,0,7991,5k-10k,6,2,2,2,2.0,No,2,2,2,3,Non-Travel,Single,26,2,Life Sciences,8,0,15,3,3,849,98,25166,3,2
RM1299,1821,46,46-55,Female,Research & Development,Healthcare Representative,Yes,1,8926,5k-10k,13,9,7,3,7.0,No,2,4,3,4,Travel_Rarely,Married,21,2,Medical,4,1,22,4,4,261,66,10842,2,2
RM1323,1857,46,46-55,Male,Research & Development,Manufacturing Director,No,0,8578,5k-10k,12,9,8,4,7.0,No,4,4,3,2,Travel_Rarely,Divorced,2,2,Life Sciences,3,1,14,3,3,706,82,19989,4,3
RM1328,1863,46,46-55,Female,Sales,Sales Executive,No,0,13225,10k-15k,25,19,17,2,8.0,No,1,1,4,3,Travel_Rarely,Divorced,3,3,Technical Degree,2,1,12,3,4,1319,45,7739,5,4
RM1334,1869,46,46-55,Female,Sales,Sales Executive,Yes,1,7314,5k-10k,14,8,7,0,7.0,No,2,3,3,3,Travel_Rarely,Married,10,3,Life Sciences,5,3,21,4,3,1254,64,14011,2,3
RM272,376,47,46-55,Male,Research & Development,Manager,Yes,1,11849,10k-15k,10,10,7,9,9.0,Yes,2,1,3,2,Non-Travel,Married,29,4,Life Sciences,1,1,12,3,4,666,88,10268,2,3
RM330,447,47,46-55,Male,Research & Development,Research Director,No,0,18300,15k+,21,3,2,1,1.0,No,3,4,3,3,Travel_Rarely,Married,5,5,Life Sciences,4,1,11,3,2,1482,42,16375,2,5
RM348,467,47,46-55,Male,Sales,Sales Representative,No,0,2976,Upto 5k,5,0,0,0,0.0,No,3,2,3,3,Travel_Frequently,Single,4,1,Medical,3,0,19,3,1,1309,99,25751,3,2
RM429,574,47,46-55,Female,Research & Development,Manufacturing Director,No,0,5070,5k-10k,20,5,0,0,4.0,No,4,1,3,3,Travel_Rarely,Divorced,2,2,Medical,5,3,13,3,3,983,65,7389,2,2
RM533,728,47,46-55,Male,Sales,Sales Executive,No,0,4960,Upto 5k,20,7,7,1,7.0,No,1,4,3,3,Travel_Rarely,Single,14,4,Marketing,2,0,12,3,4,703,42,11825,2,2
RM545,746,47,46-55,Female,Sales,Sales Executive,No,0,13770,10k-15k,28,22,2,11,13.0,Yes,3,4,3,2,Travel_Frequently,Divorced,3,3,Medical,9,2,12,3,4,217,49,10225,2,4
RM567,785,47,46-55,Female,Sales,Sales Executive,Yes,1,6397,5k-10k,8,5,4,1,3.0,Yes,3,2,4,3,Travel_Frequently,Single,27,2,Life Sciences,4,0,12,3,4,719,77,10339,2,2
RM593,820,47,46-55,Female,Research & Development,Manager,No,0,16752,15k+,26,26,14,3,0.0,Yes,4,3,3,2,Travel_Rarely,Married,2,2,Other,1,1,11,3,3,202,33,12982,3,4
RM652,903,47,46-55,Female,Sales,Sales Executive,No,0,4537,Upto 5k,8,7,6,7,7.0,Yes,4,3,3,3,Travel_Rarely,Married,2,2,Marketing,0,1,22,4,1,249,35,17783,2,2
RM666,925,47,46-55,Female,Sales,Sales Representative,No,0,3294,Upto 5k,3,3,2,1,2.0,Yes,4,4,2,2,Travel_Rarely,Single,2,4,Life Sciences,1,0,18,3,1,1454,65,13137,3,1
RM708,987,47,46-55,Male,Research & Development,Manufacturing Director,No,0,5067,5k-10k,20,19,10,2,7.0,Yes,3,3,4,4,Travel_Frequently,Divorced,16,4,Medical,1,0,19,3,3,1379,64,6759,3,2
RM720,1003,47,46-55,Female,Sales,Sales Executive,No,0,4163,Upto 5k,9,9,0,0,7.0,Yes,4,4,3,3,Travel_Rarely,Single,4,2,Life Sciences,1,0,17,3,3,955,83,8571,0,2
RM1021,1438,47,46-55,Male,Research & Development,Research Scientist,No,0,3420,Upto 5k,17,6,5,1,2.0,No,4,1,3,2,Travel_Rarely,Married,1,3,Technical Degree,7,1,12,3,3,465,74,10205,2,1
RM1025,1443,47,46-55,Female,Research & Development,Research Director,No,0,17169,15k+,26,20,17,5,6.0,No,3,1,3,4,Travel_Rarely,Married,2,4,Medical,3,2,19,3,2,359,82,26703,2,4
RM1068,1503,47,46-55,Female,Sales,Sales Executive,No,0,4591,Upto 5k,11,5,4,1,2.0,Yes,3,3,3,2,Travel_Rarely,Married,14,3,Medical,3,1,17,3,3,571,78,24200,4,2
RM1155,1625,47,46-55,Female,Human Resources,Manager,No,0,19658,15k+,27,5,2,1,0.0,No,3,4,3,3,Travel_Rarely,Married,26,4,Life Sciences,3,1,11,3,3,1176,98,5220,2,5
RM1195,1676,47,46-55,Female,Sales,Manager,No,0,15972,15k+,29,3,2,1,2.0,No,2,2,4,3,Travel_Rarely,Divorced,2,4,Life Sciences,6,3,14,3,3,1225,47,21086,2,4
RM1224,1716,47,46-55,Male,Sales,Sales Executive,Yes,1,12936,10k-15k,25,23,5,14,10.0,No,3,3,1,1,Travel_Frequently,Married,9,3,Life Sciences,7,0,11,3,3,1093,82,24164,3,4
RM1235,1731,47,46-55,Male,Sales,Sales Executive,No,0,4978,Upto 5k,4,1,0,0,0.0,No,2,3,3,1,Non-Travel,Married,2,4,Marketing,7,1,11,3,4,543,87,3536,3,2
RM1304,1827,47,46-55,Female,Research & Development,Manufacturing Director,No,0,10333,10k-15k,28,22,11,14,10.0,Yes,2,3,2,3,Travel_Rarely,Divorced,4,3,Life Sciences,8,1,12,3,3,1001,92,19271,4,3
RM1322,1856,47,46-55,Female,Research & Development,Laboratory Technician,No,0,2105,Upto 5k,7,2,2,2,0.0,No,3,2,3,3,Travel_Rarely,Single,9,4,Life Sciences,4,0,12,3,3,207,64,5411,2,1
RM1371,1934,47,46-55,Male,Research & Development,Research Scientist,No,0,5467,5k-10k,16,8,7,1,7.0,No,2,3,3,4,Non-Travel,Married,14,4,Technical Degree,8,1,18,3,3,1169,64,2125,4,2
RM1415,1993,47,46-55,Male,Research & Development,Healthcare Representative,No,0,8633,5k-10k,25,17,14,12,11.0,No,3,1,3,3,Travel_Rarely,Single,25,3,Medical,2,0,23,4,2,1180,84,13084,3,3
RM1422,2000,47,46-55,Female,Research & Development,Research Director,No,0,11957,10k-15k,14,13,8,5,12.0,No,2,3,3,1,Non-Travel,Married,1,1,Medical,0,2,18,3,1,1162,98,17231,3,3
RM051,64,48,46-55,Male,Research & Development,Laboratory Technician,Yes,1,5381,5k-10k,23,1,0,0,0.0,Yes,3,1,2,3,Travel_Rarely,Single,1,2,Life Sciences,9,0,13,3,4,626,98,19294,2,3
RM353,473,48,46-55,Female,Sales,Manager,No,0,12504,10k-15k,15,0,0,0,0.0,No,3,1,3,1,Travel_Rarely,Married,29,1,Medical,3,1,21,4,2,530,91,23978,3,3
RM445,595,48,46-55,Female,Sales,Sales Executive,No,0,4051,Upto 5k,14,9,7,6,7.0,No,4,2,3,3,Travel_Rarely,Married,2,5,Marketing,2,1,14,3,1,163,37,19658,2,2
RM493,664,48,46-55,Female,Research & Development,Manager,No,0,15402,15k+,21,3,2,0,2.0,No,1,4,2,1,Travel_Rarely,Married,1,4,Life Sciences,7,1,11,3,1,1236,40,17997,3,4
RM521,712,48,46-55,Male,Sales,Sales Executive,No,0,8120,5k-10k,12,2,2,2,2.0,No,2,2,4,3,Travel_Rarely,Married,2,1,Marketing,3,0,12,3,4,817,56,18597,3,2
RM679,945,48,46-55,Male,Research & Development,Research Scientist,No,0,2259,Upto 5k,13,0,0,0,0.0,No,3,4,3,2,Travel_Rarely,Married,20,4,Medical,4,2,17,3,1,1469,51,5543,2,1
RM736,1022,48,46-55,Male,Research & Development,Healthcare Representative,No,0,4240,Upto 5k,19,2,2,2,2.0,No,3,1,2,3,Travel_Rarely,Single,6,3,Life Sciences,2,0,13,3,4,277,97,13119,0,2
RM737,1024,48,46-55,Male,Research & Development,Healthcare Representative,No,0,10999,10k-15k,27,15,11,4,8.0,No,3,3,2,3,Travel_Rarely,Single,4,4,Life Sciences,7,0,14,3,2,1355,78,22245,3,3
RM805,1116,48,46-55,Male,Research & Development,Manager,No,0,16885,15k+,27,5,4,2,1.0,No,4,1,4,2,Non-Travel,Single,1,4,Medical,2,0,22,4,3,1262,35,16154,3,4
RM902,1258,48,46-55,Male,Research & Development,Laboratory Technician,No,0,2559,Upto 5k,7,1,0,0,0.0,No,2,4,4,2,Travel_Rarely,Single,2,2,Technical Degree,5,0,11,3,3,969,76,16620,4,1
RM905,1263,48,46-55,Male,Research & Development,Research Director,No,0,18265,15k+,25,1,0,0,0.0,No,4,4,2,4,Travel_Rarely,Single,1,3,Life Sciences,6,0,12,3,3,715,76,8733,3,5
RM970,1363,48,46-55,Male,Research & Development,Manufacturing Director,No,0,7898,5k-10k,11,10,9,0,8.0,No,4,4,3,3,Travel_Rarely,Single,4,3,Life Sciences,1,0,11,3,3,855,54,18706,2,3
RM1039,1466,48,46-55,Male,Sales,Sales Executive,No,0,5486,5k-10k,15,2,2,2,2.0,No,1,3,3,3,Travel_Rarely,Divorced,7,3,Marketing,4,3,11,3,1,1221,96,24795,3,2
RM1104,1557,48,46-55,Female,Sales,Sales Executive,No,0,6439,5k-10k,18,8,7,7,7.0,No,3,3,3,3,Travel_Rarely,Divorced,16,4,Life Sciences,8,1,14,3,3,492,96,13693,2,2
RM1115,1576,48,46-55,Female,Research & Development,Research Scientist,No,0,2367,Upto 5k,10,8,2,7,6.0,No,1,3,3,2,Travel_Rarely,Married,15,4,Other,8,1,12,3,4,1108,65,16530,3,1
RM1167,1644,48,46-55,Male,Research & Development,Manager,No,0,15202,15k+,23,2,2,2,2.0,No,4,3,2,3,Travel_Frequently,Married,4,5,Medical,2,1,25,4,2,365,89,5602,3,4
RM1205,1691,48,46-55,Female,Sales,Sales Representative,Yes,1,2655,Upto 5k,19,9,7,7,7.0,Yes,3,4,3,3,Travel_Frequently,Married,7,2,Medical,2,2,11,3,3,708,95,11740,3,1
RM1332,1867,48,46-55,Male,Research & Development,Research Director,No,0,19665,15k+,29,22,10,12,9.0,No,2,4,2,3,Travel_Rarely,Married,10,3,Life Sciences,4,0,12,3,4,1224,91,13583,3,5
RM1352,1900,48,46-55,Female,Research & Development,Manager,No,0,17174,15k+,24,22,17,4,7.0,No,4,4,3,3,Travel_Frequently,Divorced,22,3,Medical,3,1,11,3,2,117,58,2437,3,4
RM002,2,49,46-55,Male,Research & Development,Research Scientist,No,0,5130,5k-10k,10,10,7,1,7.0,No,2,3,2,3,Travel_Frequently,Married,8,1,Life Sciences,1,1,23,4,4,279,61,24907,3,2
RM130,170,49,46-55,Female,Research & Development,Manufacturing Director,No,0,6567,5k-10k,16,15,11,5,11.0,No,1,3,3,2,Travel_Rarely,Married,20,4,Medical,1,0,14,3,3,470,96,5549,2,2
RM202,275,49,46-55,Male,Research & Development,Manufacturing Director,No,0,6804,5k-10k,7,7,7,1,7.0,Yes,4,4,3,3,Non-Travel,Divorced,18,4,Life Sciences,1,2,15,3,1,1002,92,23793,0,2
RM291,396,49,46-55,Female,Research & Development,Research Director,No,0,18665,15k+,22,3,2,1,2.0,Yes,1,3,3,3,Travel_Frequently,Single,10,4,Life Sciences,9,0,11,3,4,636,35,25594,4,5
RM317,431,49,46-55,Female,Research & Development,Healthcare Representative,No,0,13964,10k-15k,25,7,1,0,7.0,Yes,3,3,2,3,Travel_Rarely,Single,1,2,Technical Degree,7,0,12,3,4,1091,90,17810,2,4
RM376,499,49,46-55,Male,Research & Development,Healthcare Representative,No,0,10965,10k-15k,26,5,2,0,0.0,No,3,2,2,3,Travel_Rarely,Single,7,3,Other,8,0,24,4,3,1261,31,12066,2,3
RM474,638,49,46-55,Male,Research & Development,Research Director,No,0,19502,15k+,31,31,9,0,9.0,Yes,3,4,2,3,Travel_Rarely,Divorced,18,4,Life Sciences,1,1,17,3,3,1245,58,2125,5,5
RM608,840,49,46-55,Female,Sales,Sales Executive,Yes,1,7654,5k-10k,9,9,8,7,7.0,No,4,3,3,4,Travel_Rarely,Married,11,3,Marketing,1,2,18,3,1,1184,43,5860,3,3
RM640,887,49,46-55,Female,Research & Development,Research Scientist,No,0,3580,Upto 5k,7,4,2,0,2.0,No,1,3,3,3,Travel_Rarely,Married,1,3,Technical Degree,2,1,16,3,2,1418,36,10554,2,1
RM678,944,49,46-55,Female,Research & Development,Laboratory Technician,No,0,7403,5k-10k,29,26,9,1,7.0,No,2,1,3,2,Travel_Rarely,Married,8,2,Other,4,1,11,3,3,527,51,22477,3,3
RM822,1138,49,46-55,Male,Sales,Sales Executive,No,0,13120,10k-15k,22,9,8,2,3.0,No,2,4,2,3,Travel_Rarely,Married,8,4,Technical Degree,6,1,17,3,2,174,56,11879,3,4
RM900,1256,49,46-55,Male,Research & Development,Manager,No,0,18711,15k+,23,1,0,0,0.0,No,3,1,2,4,Travel_Rarely,Married,4,2,Medical,2,1,13,3,3,1098,85,12124,2,5
RM1007,1420,49,46-55,Male,Research & Development,Laboratory Technician,Yes,1,4284,Upto 5k,20,4,3,1,3.0,No,1,1,2,3,Travel_Frequently,Single,28,2,Life Sciences,3,0,20,4,1,1475,97,22710,2,2
RM1045,1473,49,46-55,Male,Research & Development,Healthcare Representative,No,0,6651,5k-10k,20,3,2,1,2.0,No,3,1,3,2,Travel_Rarely,Married,5,4,Technical Degree,2,1,14,3,2,1495,96,21534,0,2
RM1055,1484,49,46-55,Male,Research & Development,Healthcare Representative,No,0,10466,10k-15k,29,8,7,0,7.0,No,2,3,3,3,Travel_Rarely,Divorced,7,4,Life Sciences,3,2,14,3,2,1490,35,20948,3,3
RM1072,1509,49,46-55,Female,Research & Development,Laboratory Technician,No,0,4789,Upto 5k,10,3,2,1,2.0,No,1,3,2,3,Travel_Rarely,Married,3,2,Medical,4,1,25,4,1,271,43,23070,3,2
RM1148,1617,49,46-55,Female,Research & Development,Laboratory Technician,No,0,3211,Upto 5k,10,9,6,1,4.0,No,1,3,3,2,Travel_Rarely,Married,25,4,Life Sciences,1,1,14,3,4,722,84,22102,3,1
RM1177,1655,49,46-55,Female,Research & Development,Research Director,No,0,16413,15k+,27,4,2,1,2.0,No,2,1,3,3,Travel_Rarely,Married,22,4,Other,3,2,16,3,2,301,72,3498,2,4
RM1182,1661,49,46-55,Female,Research & Development,Healthcare Representative,No,0,13966,10k-15k,30,15,11,2,12.0,Yes,3,3,2,3,Travel_Rarely,Married,6,1,Life Sciences,2,1,19,3,2,465,41,11652,3,4
RM1193,1674,49,46-55,Female,Research & Development,Laboratory Technician,No,0,2587,Upto 5k,17,2,2,2,2.0,Yes,1,4,3,2,Travel_Rarely,Divorced,16,3,Medical,4,1,16,3,2,464,74,24941,2,1
RM1196,1677,49,46-55,Male,Research & Development,Manager,No,0,15379,15k+,23,8,7,0,0.0,No,3,3,3,3,Travel_Rarely,Single,1,3,Life Sciences,4,0,14,3,1,809,36,22384,2,4
RM1255,1757,49,46-55,Female,Sales,Sales Executive,No,0,4507,Upto 5k,8,5,1,0,4.0,No,4,4,3,4,Travel_Rarely,Single,11,4,Marketing,3,0,12,3,3,1313,80,8191,1,2
RM1378,1941,49,46-55,Male,Research & Development,Research Director,No,0,19161,15k+,28,5,4,4,3.0,No,4,2,3,3,Travel_Frequently,Married,2,1,Life Sciences,3,0,15,3,4,1064,42,13738,3,5
RM1469,2065,49,46-55,Male,Sales,Sales Executive,No,0,5390,5k-10k,17,9,6,0,8.0,No,2,4,2,2,Travel_Frequently,Married,2,3,Medical,2,0,14,3,4,1023,63,13243,3,2
RM037,47,50,46-55,Male,Sales,Sales Representative,Yes,1,2683,Upto 5k,3,3,2,0,2.0,Yes,3,1,2,3,Travel_Rarely,Married,3,2,Marketing,1,0,14,3,3,869,86,3810,2,1
RM063,80,50,46-55,Female,Research & Development,Research Director,No,0,18740,15k+,29,27,3,13,8.0,Yes,3,2,2,2,Travel_Rarely,Divorced,7,2,Medical,5,1,12,3,4,989,43,16701,2,5
RM107,141,50,46-55,Female,Research & Development,Research Director,No,0,18172,15k+,28,8,3,0,7.0,Yes,2,1,3,2,Travel_Frequently,Married,1,3,Life Sciences,3,0,19,3,1,1115,73,9755,1,5
RM132,174,50,46-55,Female,Sales,Sales Executive,No,0,9208,5k-10k,16,2,2,2,1.0,No,4,3,3,3,Travel_Frequently,Single,12,3,Marketing,4,0,11,3,4,809,77,6645,3,3
RM166,226,50,46-55,Female,Research & Development,Manager,No,0,19926,15k+,21,5,4,4,4.0,No,2,3,3,3,Travel_Rarely,Single,11,3,Life Sciences,3,0,15,3,2,1452,53,17053,5,5
RM184,249,50,46-55,Male,Research & Development,Laboratory Technician,No,0,3690,Upto 5k,5,3,2,0,2.0,No,3,3,2,2,Travel_Rarely,Married,1,3,Medical,2,1,15,3,4,328,86,3425,2,1
RM234,323,50,46-55,Female,Sales,Manager,No,0,19517,15k+,32,7,0,0,6.0,No,4,4,3,2,Travel_Rarely,Divorced,1,4,Medical,3,1,11,3,3,854,68,24118,3,5
RM280,385,50,46-55,Male,Research & Development,Research Director,No,0,19144,15k+,28,10,4,1,6.0,No,2,1,3,2,Travel_Rarely,Divorced,4,1,Life Sciences,3,2,14,3,1,797,96,15815,4,5
RM368,491,50,46-55,Male,Research & Development,Healthcare Representative,No,0,10496,10k-15k,20,4,3,1,3.0,No,4,4,2,3,Travel_Rarely,Single,10,3,Technical Degree,6,0,15,3,4,1046,100,2755,2,3
RM426,569,50,46-55,Male,Research & Development,Manager,No,0,17046,15k+,28,27,10,15,7.0,No,3,2,2,3,Travel_Rarely,Married,29,4,Life Sciences,0,1,15,3,2,1099,88,9314,2,4
RM478,644,50,46-55,Male,Human Resources,Manager,No,0,18200,15k+,32,32,5,10,7.0,No,2,1,3,3,Travel_Frequently,Married,3,3,Medical,1,1,11,3,3,1246,99,7999,2,5
RM524,716,50,46-55,Male,Research & Development,Laboratory Technician,No,0,3221,Upto 5k,20,20,8,3,8.0,Yes,3,4,4,3,Travel_Rarely,Married,28,1,Medical,1,3,11,3,3,1207,74,3297,3,1
RM529,723,50,46-55,Male,Sales,Sales Executive,Yes,1,6796,5k-10k,18,4,3,1,3.0,Yes,3,2,3,3,Travel_Frequently,Married,8,2,Technical Degree,3,1,14,3,1,562,50,23452,4,2
RM540,738,50,46-55,Male,Sales,Sales Representative,No,0,3875,Upto 5k,4,2,2,2,2.0,No,2,4,3,3,Travel_Rarely,Married,8,4,Marketing,7,1,15,3,4,316,54,9983,2,1
RM589,815,50,46-55,Male,Research & Development,Research Director,No,0,17639,15k+,30,4,3,0,3.0,No,3,3,3,3,Travel_Rarely,Married,2,3,Medical,5,0,16,3,4,691,64,6881,3,4
RM654,905,50,46-55,Male,Research & Development,Manager,No,0,17924,15k+,31,31,6,14,7.0,No,1,1,3,3,Non-Travel,Divorced,2,4,Life Sciences,1,1,11,3,4,881,98,4544,3,4
RM715,997,50,46-55,Male,Research & Development,Research Director,No,0,17399,15k+,32,5,4,1,3.0,No,4,4,3,2,Travel_Rarely,Divorced,1,2,Medical,9,1,22,4,3,1126,66,6615,1,4
RM722,1005,50,46-55,Male,Research & Development,Manufacturing Director,No,0,13973,10k-15k,22,12,11,1,5.0,Yes,3,4,3,3,Travel_Rarely,Married,24,3,Life Sciences,3,1,18,3,4,939,95,4161,2,4
RM743,1030,50,46-55,Male,Research & Development,Laboratory Technician,No,0,2380,Upto 5k,8,1,0,0,0.0,No,4,1,3,3,Travel_Rarely,Married,9,3,Life Sciences,4,0,18,3,2,804,64,20165,5,1
RM752,1040,50,46-55,Female,Sales,Sales Executive,No,0,6347,5k-10k,19,18,7,0,13.0,No,3,4,3,3,Non-Travel,Married,1,3,Life Sciences,0,1,12,3,1,145,95,24920,3,2
RM767,1061,50,46-55,Male,Research & Development,Research Director,No,0,19237,15k+,29,8,1,7,7.0,Yes,3,2,3,2,Travel_Rarely,Married,2,4,Medical,2,1,11,3,4,1464,62,12853,2,5
RM802,1113,50,46-55,Male,Sales,Sales Executive,Yes,1,4728,Upto 5k,5,0,0,0,0.0,Yes,3,4,3,3,Travel_Frequently,Single,1,4,Other,3,0,14,3,4,959,81,17251,4,2
RM868,1215,50,46-55,Female,Research & Development,Manager,No,0,17856,15k+,32,2,2,2,2.0,No,1,4,3,3,Travel_Frequently,Married,2,3,Medical,2,1,22,4,3,1421,30,9490,3,4
RM946,1317,50,46-55,Female,Research & Development,Research Director,No,0,16880,15k+,25,3,2,1,2.0,Yes,1,4,3,3,Travel_Rarely,Married,28,3,Life Sciences,4,0,11,3,2,1322,43,22422,2,4
RM1087,1539,50,46-55,Male,Research & Development,Research Director,No,0,14411,10k-15k,32,32,6,13,9.0,Yes,4,3,1,3,Travel_Frequently,Single,22,5,Medical,1,0,13,3,4,333,88,24450,2,4
RM1127,1591,50,46-55,Male,Sales,Manager,No,0,19331,15k+,27,1,0,0,0.0,Yes,3,3,3,3,Travel_Rarely,Married,9,3,Marketing,4,1,16,3,3,264,59,19519,2,5
RM1139,1606,50,46-55,Male,Research & Development,Healthcare Representative,No,0,11245,10k-15k,32,30,8,12,13.0,Yes,3,2,3,3,Travel_Frequently,Married,20,5,Medical,2,1,15,3,3,1234,41,20689,3,4
RM1178,1656,50,46-55,Female,Research & Development,Research Director,No,0,13269,10k-15k,19,14,11,1,11.0,No,1,4,2,3,Travel_Rarely,Divorced,17,5,Life Sciences,5,3,15,3,3,813,50,21981,3,3
RM1453,2044,50,46-55,Male,Sales,Sales Executive,Yes,1,6728,5k-10k,12,6,3,0,1.0,No,3,2,3,3,Travel_Frequently,Divorced,1,4,Life Sciences,7,2,12,3,4,878,94,14255,3,2
RM1462,2055,50,46-55,Male,Sales,Sales Executive,Yes,1,10854,10k-15k,20,3,2,2,0.0,Yes,1,4,2,3,Travel_Rarely,Divorced,28,3,Marketing,4,1,13,3,2,410,39,16586,3,3
RM088,116,51,46-55,Male,Research & Development,Laboratory Technician,No,0,2075,Upto 5k,10,4,2,0,3.0,No,4,4,3,3,Travel_Rarely,Married,9,4,Life Sciences,3,2,23,4,2,432,96,18725,4,1
RM092,120,51,46-55,Male,Sales,Sales Executive,No,0,5441,5k-10k,11,10,7,1,0.0,Yes,4,3,3,1,Travel_Rarely,Single,21,4,Marketing,0,0,22,4,4,632,71,8423,2,2
RM111,145,51,46-55,Female,Research & Development,Healthcare Representative,No,0,7484,5k-10k,23,13,12,12,8.0,No,1,1,2,2,Travel_Frequently,Single,1,4,Medical,3,0,20,4,3,1456,30,25796,1,3
RM124,162,51,46-55,Male,Research & Development,Research Director,No,0,19537,15k+,23,20,18,15,15.0,No,3,1,3,3,Travel_Rarely,Single,6,3,Life Sciences,7,0,13,3,3,684,51,6462,5,5
RM137,179,51,46-55,Male,Research & Development,Manufacturing Director,Yes,1,10650,10k-15k,18,4,2,0,3.0,No,4,1,1,3,Travel_Frequently,Single,8,4,Life Sciences,2,0,15,3,4,1150,53,25150,2,3
RM157,211,51,46-55,Male,Research & Development,Manufacturing Director,No,0,6132,5k-10k,10,1,0,0,0.0,No,3,2,2,3,Travel_Rarely,Married,7,4,Medical,2,0,17,3,3,1169,34,13983,2,2
RM190,258,51,46-55,Female,Research & Development,Healthcare Representative,No,0,13734,10k-15k,21,7,7,1,0.0,No,2,4,3,3,Travel_Rarely,Single,3,3,Medical,3,0,18,3,3,313,98,7192,6,4
RM214,296,51,46-55,Male,Research & Development,Research Director,No,0,12490,10k-15k,16,10,9,4,7.0,No,2,2,2,1,Travel_Rarely,Married,8,4,Life Sciences,5,2,16,3,4,1469,81,15736,5,3
RM259,353,51,46-55,Male,Research & Development,Research Scientist,No,0,2723,Upto 5k,1,1,0,0,3.0,No,4,3,3,2,Travel_Rarely,Married,1,3,Life Sciences,1,0,11,3,2,833,96,23231,0,1
RM300,408,51,46-55,Male,Research & Development,Manufacturing Director,No,0,5482,5k-10k,13,4,1,1,2.0,No,2,4,1,3,Travel_Rarely,Divorced,2,3,Medical,5,1,18,3,4,1302,84,16321,3,2
RM377,500,51,46-55,Female,Sales,Sales Executive,No,0,4936,Upto 5k,18,7,7,0,7.0,No,4,3,3,2,Travel_Rarely,Married,14,2,Life Sciences,4,1,11,3,3,1178,87,14862,2,2
RM617,851,51,46-55,Female,Sales,Manager,No,0,16307,15k+,29,20,6,4,17.0,No,3,1,3,2,Travel_Rarely,Married,26,4,Marketing,2,1,14,3,3,1318,66,5594,2,4
RM780,1081,51,46-55,Male,Research & Development,Research Scientist,Yes,1,2461,Upto 5k,18,10,0,2,7.0,Yes,3,1,3,4,Travel_Rarely,Married,4,4,Life Sciences,9,3,12,3,3,1323,34,10332,2,1
RM919,1282,51,46-55,Male,Sales,Manager,No,0,19847,15k+,31,29,10,11,10.0,Yes,2,4,3,2,Travel_Frequently,Divorced,9,3,Life Sciences,4,1,24,4,1,237,83,19196,5,5
RM931,1297,51,46-55,Female,Research & Development,Laboratory Technician,No,0,2838,Upto 5k,8,7,0,7,7.0,No,3,2,2,2,Travel_Frequently,Single,6,2,Medical,0,0,14,3,2,968,40,4257,6,1
RM963,1352,51,46-55,Male,Human Resources,Manager,No,0,14026,10k-15k,33,33,9,0,10.0,Yes,2,3,3,3,Travel_Rarely,Divorced,5,3,Life Sciences,1,1,11,3,2,770,84,17588,2,4
RM972,1367,51,46-55,Female,Research & Development,Manufacturing Director,No,0,13142,10k-15k,29,5,2,0,3.0,No,2,4,2,2,Travel_Rarely,Single,11,2,Technical Degree,3,0,16,3,2,1405,82,24439,1,4
RM988,1391,51,46-55,Male,Sales,Sales Executive,No,0,10596,10k-15k,14,4,2,3,2.0,No,2,2,3,3,Travel_Frequently,Married,2,3,Marketing,2,0,11,3,2,541,52,15395,5,3
RM1276,1786,51,46-55,Female,Research & Development,Manager,No,0,13116,10k-15k,15,2,2,2,2.0,No,3,1,3,3,Travel_Rarely,Married,3,3,Technical Degree,2,0,11,3,4,942,53,22984,2,3
RM191,259,52,46-55,Male,Research & Development,Manager,No,0,19999,15k+,34,33,18,11,9.0,No,3,3,2,3,Travel_Rarely,Married,1,4,Life Sciences,0,1,14,3,1,699,65,5678,5,5
RM231,316,52,46-55,Female,Research & Development,Laboratory Technician,No,0,3212,Upto 5k,6,2,2,2,2.0,No,4,3,2,2,Travel_Rarely,Single,2,3,Life Sciences,7,0,15,3,2,1323,89,3300,3,1
RM238,329,52,46-55,Male,Sales,Manager,No,0,19068,15k+,33,33,7,15,12.0,Yes,3,1,2,4,Non-Travel,Single,2,4,Life Sciences,1,0,18,3,4,771,79,21030,2,5
RM318,433,52,46-55,Male,Research & Development,Research Scientist,Yes,1,4941,Upto 5k,11,8,2,7,7.0,No,2,3,2,2,Travel_Rarely,Married,8,4,Medical,2,0,15,3,1,723,85,17747,3,2
RM407,543,52,46-55,Male,Research & Development,Manufacturing Director,No,0,7969,5k-10k,28,5,4,0,3.0,Yes,3,4,2,3,Travel_Rarely,Married,3,3,Medical,2,0,14,3,3,319,39,19609,4,3
RM409,546,52,46-55,Female,Research & Development,Manager,No,0,16555,15k+,31,5,2,1,4.0,No,4,4,3,1,Travel_Rarely,Married,4,2,Life Sciences,2,0,13,3,4,1490,30,10310,2,4
RM469,630,52,46-55,Male,Research & Development,Research Scientist,No,0,5577,5k-10k,18,10,9,6,9.0,Yes,1,4,3,3,Travel_Rarely,Divorced,6,2,Technical Degree,3,2,12,3,2,956,78,22087,3,2
RM562,776,52,46-55,Male,Sales,Manager,No,0,16856,15k+,34,34,6,1,16.0,No,1,3,2,4,Travel_Rarely,Married,3,4,Marketing,1,0,11,3,1,621,31,10084,3,4
RM571,791,52,46-55,Male,Research & Development,Research Scientist,No,0,4258,Upto 5k,5,4,3,1,2.0,No,4,4,3,3,Non-Travel,Married,19,4,Medical,0,1,18,3,1,715,41,26589,3,1
RM588,813,52,46-55,Female,Research & Development,Laboratory Technician,No,0,3149,Upto 5k,9,5,2,1,4.0,No,3,4,3,3,Travel_Rarely,Married,11,4,Life Sciences,8,1,20,4,2,1325,82,21821,3,2
RM628,867,52,46-55,Female,Research & Development,Manufacturing Director,No,0,13826,10k-15k,31,9,8,0,0.0,No,4,3,2,3,Travel_Frequently,Married,25,4,Medical,3,0,22,4,3,890,81,19028,3,4
RM700,976,52,46-55,Male,Research & Development,Manager,No,0,17099,15k+,26,9,8,7,8.0,No,4,4,3,2,Travel_Rarely,Married,1,2,Life Sciences,2,1,15,3,2,1053,70,13829,2,4
RM750,1038,52,46-55,Female,Sales,Manager,Yes,1,19845,15k+,33,32,14,6,9.0,No,4,1,1,3,Travel_Rarely,Married,2,1,Marketing,1,1,15,3,4,266,57,25846,3,5
RM807,1118,52,46-55,Male,Research & Development,Healthcare Representative,No,0,10445,10k-15k,18,8,6,4,0.0,No,2,2,3,3,Travel_Rarely,Single,7,4,Life Sciences,7,0,19,3,4,994,87,15322,4,3
RM948,1319,52,46-55,Male,Sales,Sales Executive,Yes,1,8446,5k-10k,10,8,7,7,7.0,Yes,2,2,3,2,Travel_Rarely,Single,5,3,Life Sciences,9,0,19,3,3,1030,64,21534,2,3
RM995,1401,52,46-55,Female,Research & Development,Manufacturing Director,No,0,13247,10k-15k,24,5,3,0,2.0,Yes,3,4,4,2,Travel_Frequently,Married,28,2,Medical,2,1,11,3,2,322,59,9731,3,4
RM1001,1409,52,46-55,Female,Research & Development,Laboratory Technician,No,0,2950,Upto 5k,12,5,4,0,4.0,No,1,3,3,1,Travel_Rarely,Married,8,4,Other,9,0,13,3,3,258,54,17363,2,1
RM1435,2019,52,46-55,Male,Sales,Sales Representative,No,0,3482,Upto 5k,16,9,8,0,0.0,No,4,1,3,2,Non-Travel,Divorced,29,4,Life Sciences,2,2,15,3,2,585,40,19788,3,1
RM019,23,53,46-55,Female,Sales,Manager,No,0,15427,15k+,31,25,8,3,7.0,No,4,1,2,3,Travel_Rarely,Married,2,4,Life Sciences,2,0,16,3,3,1219,78,22021,3,4
RM026,32,53,46-55,Female,Research & Development,Manager,No,0,19094,15k+,26,14,13,4,3.0,No,3,3,3,2,Travel_Rarely,Divorced,5,3,Other,4,1,11,3,4,1282,58,10735,3,5
RM153,205,53,46-55,Male,Sales,Sales Representative,No,0,2306,Upto 5k,13,7,7,4,5.0,Yes,3,2,3,1,Travel_Rarely,Married,6,2,Marketing,2,1,20,4,4,1436,34,16047,3,2
RM185,250,53,46-55,Female,Research & Development,Manufacturing Director,No,0,4450,Upto 5k,5,4,2,1,3.0,No,1,4,4,3,Travel_Rarely,Divorced,13,2,Medical,1,2,11,3,3,1084,57,26250,3,2
RM281,386,53,46-55,Male,Research & Development,Research Director,No,0,17584,15k+,21,5,3,1,3.0,Yes,3,3,3,2,Travel_Rarely,Married,3,4,Medical,3,3,16,3,4,1070,45,21016,5,4
RM503,682,53,46-55,Female,Sales,Sales Executive,No,0,8381,5k-10k,18,14,7,8,10.0,No,1,4,3,4,Travel_Rarely,Single,1,1,Medical,7,0,20,4,4,238,34,7507,2,2
RM535,730,53,46-55,Male,Research & Development,Research Director,No,0,14814,10k-15k,32,5,1,1,3.0,No,3,3,4,3,Travel_Rarely,Married,7,3,Life Sciences,3,0,19,3,3,970,59,13514,3,4
RM557,769,53,46-55,Male,Research & Development,Laboratory Technician,No,0,2450,Upto 5k,19,2,2,2,2.0,No,4,4,3,3,Travel_Rarely,Single,6,3,Life Sciences,2,0,17,3,4,346,86,10919,4,2
RM625,862,53,46-55,Female,Sales,Sales Executive,No,0,10934,10k-15k,35,5,2,0,4.0,Yes,4,1,2,3,Travel_Rarely,Married,7,2,Marketing,7,1,18,3,4,661,78,20715,3,3
RM647,897,53,46-55,Male,Sales,Sales Executive,No,0,11836,10k-15k,28,2,0,2,2.0,No,4,1,3,3,Travel_Rarely,Married,8,3,Marketing,5,1,14,3,3,868,73,22789,3,4
RM650,901,53,46-55,Female,Research & Development,Research Director,No,0,14275,10k-15k,33,12,9,3,8.0,No,4,4,3,3,Travel_Rarely,Single,23,4,Life Sciences,6,0,18,3,3,102,72,20206,0,4
RM702,981,53,46-55,Male,Sales,Manager,No,0,14852,10k-15k,22,17,13,15,2.0,No,3,3,3,4,Travel_Rarely,Divorced,2,2,Medical,6,1,13,3,3,1376,45,13938,3,4
RM761,1050,53,46-55,Female,Sales,Sales Executive,No,0,7525,5k-10k,30,15,7,6,12.0,No,2,3,2,3,Travel_Frequently,Married,2,3,Marketing,2,1,12,3,1,124,38,23537,2,3
RM859,1201,53,46-55,Female,Research & Development,Manager,No,0,18606,15k+,26,7,7,4,7.0,No,3,4,3,3,Travel_Rarely,Divorced,7,2,Medical,3,1,18,3,2,1223,50,18640,6,5
RM1044,1472,53,46-55,Male,Research & Development,Research Director,No,0,16598,15k+,35,9,8,8,8.0,No,2,4,4,2,Travel_Rarely,Single,2,3,Medical,4,0,12,3,2,447,39,19764,2,4
RM1112,1572,53,46-55,Female,Research & Development,Manufacturing Director,Yes,1,10169,10k-15k,34,33,7,1,9.0,No,4,3,2,3,Travel_Rarely,Married,2,5,Technical Degree,0,1,16,3,2,607,78,14618,4,3
RM1204,1689,53,46-55,Male,Research & Development,Healthcare Representative,No,0,7005,5k-10k,11,4,3,1,2.0,No,4,2,4,3,Travel_Rarely,Married,24,4,Medical,3,0,15,3,3,1395,48,3458,2,3
RM1269,1775,53,46-55,Female,Research & Development,Manufacturing Director,No,0,12965,10k-15k,27,3,2,0,2.0,Yes,3,1,2,2,Non-Travel,Married,1,4,Medical,4,3,20,4,4,661,60,22308,2,4
RM1397,1968,53,46-55,Male,Sales,Sales Executive,Yes,1,10448,10k-15k,15,2,2,2,2.0,Yes,1,1,3,2,Travel_Rarely,Single,24,4,Life Sciences,6,0,13,3,2,1168,66,5843,2,3
RM096,126,54,46-55,Female,Research & Development,Research Director,No,0,13549,10k-15k,16,4,3,0,3.0,No,3,1,3,1,Travel_Rarely,Married,2,4,Technical Degree,9,1,12,3,1,1217,60,24001,5,3
RM113,148,54,46-55,Female,Human Resources,Manager,No,0,17328,15k+,23,5,3,4,4.0,Yes,4,4,4,3,Non-Travel,Single,26,3,Human Resources,2,0,12,3,3,142,30,13871,3,4
RM220,303,54,46-55,Female,Sales,Sales Executive,No,0,5940,5k-10k,16,6,2,0,5.0,No,1,4,3,3,Travel_Rarely,Married,3,3,Marketing,2,1,14,3,4,1147,52,17011,4,2
RM333,450,54,46-55,Female,Research & Development,Research Scientist,No,0,4869,Upto 5k,20,4,3,0,3.0,No,3,4,3,2,Travel_Frequently,Single,20,4,Life Sciences,3,0,12,3,4,928,31,16885,4,2
RM393,522,54,46-55,Male,Research & Development,Research Director,No,0,19406,15k+,24,4,2,1,2.0,No,1,1,3,2,Travel_Rarely,Married,5,2,Medical,4,1,11,3,3,821,86,8509,4,5
RM432,578,54,46-55,Female,Research & Development,Laboratory Technician,No,0,3780,Upto 5k,19,1,0,0,0.0,No,3,3,3,3,Travel_Rarely,Single,8,4,Life Sciences,7,0,11,3,3,548,42,23428,3,2
RM511,698,54,46-55,Male,Human Resources,Human Resources,No,0,10725,10k-15k,16,9,7,7,1.0,No,2,3,3,4,Travel_Rarely,Married,19,4,Medical,2,1,15,3,3,397,88,6729,1,3
RM576,799,54,46-55,Female,Research & Development,Manufacturing Director,No,0,5485,5k-10k,9,5,3,1,4.0,Yes,1,4,3,3,Travel_Rarely,Divorced,19,4,Medical,9,2,11,3,2,376,95,22670,4,2
RM729,1013,54,46-55,Female,Research & Development,Manufacturing Director,No,0,10739,10k-15k,22,10,7,0,8.0,No,3,3,3,3,Travel_Rarely,Married,17,3,Technical Degree,8,1,11,3,3,1441,56,13943,2,3
RM772,1070,54,46-55,Female,Sales,Sales Executive,No,0,10686,10k-15k,13,9,4,7,0.0,No,3,3,2,3,Travel_Rarely,Married,2,4,Life Sciences,6,1,11,3,2,1082,41,8392,4,3
RM891,1245,54,46-55,Female,Research & Development,Manufacturing Director,No,0,10502,10k-15k,33,5,4,1,4.0,No,3,4,3,1,Travel_Frequently,Divorced,1,4,Life Sciences,7,1,17,3,1,966,53,9659,2,3
RM895,1250,54,46-55,Male,Research & Development,Research Director,No,0,17779,15k+,36,10,9,0,9.0,No,4,4,3,3,Travel_Rarely,Married,3,3,Life Sciences,3,0,14,3,1,685,85,23474,2,4
RM1009,1422,54,46-55,Female,Research & Development,Research Director,No,0,17328,15k+,29,20,7,12,7.0,No,4,4,3,2,Travel_Rarely,Single,1,3,Medical,6,0,19,3,4,971,54,5652,3,4
RM1077,1520,54,46-55,Female,Research & Development,Manager,No,0,16032,15k+,26,14,9,1,12.0,No,4,2,3,3,Travel_Frequently,Divorced,11,4,Medical,3,1,20,4,1,1050,87,24456,2,4
RM1185,1665,54,46-55,Female,Research & Development,Manager,No,0,17426,15k+,36,10,8,4,7.0,No,3,2,3,3,Travel_Rarely,Married,22,5,Medical,3,1,25,4,3,584,91,18685,6,4
RM1306,1830,54,46-55,Female,Research & Development,Research Scientist,No,0,6854,5k-10k,14,7,1,1,7.0,No,4,4,3,2,Travel_Rarely,Married,7,4,Medical,4,1,15,3,2,431,68,15696,2,2
RM1398,1969,54,46-55,Female,Research & Development,Research Scientist,No,0,2897,Upto 5k,9,4,3,2,3.0,No,3,1,3,2,Travel_Rarely,Married,9,2,Life Sciences,3,2,11,3,3,155,67,22474,6,2
RM1407,1980,54,46-55,Female,Research & Development,Manufacturing Director,No,0,4440,Upto 5k,9,5,2,1,4.0,Yes,1,3,3,3,Travel_Rarely,Single,10,3,Medical,6,0,19,3,4,157,77,25198,3,2
RM066,84,55,46-55,Female,Research & Development,Manager,No,0,14756,10k-15k,21,5,0,0,2.0,Yes,3,4,3,3,Travel_Rarely,Divorced,8,3,Medical,2,3,14,3,3,836,33,19730,2,4
RM083,106,55,46-55,Male,Sales,Sales Executive,No,0,10239,10k-15k,24,1,0,1,0.0,No,4,1,3,3,Travel_Rarely,Married,1,2,Life Sciences,3,1,14,3,4,111,70,18092,4,3
RM188,254,55,46-55,Male,Research & Development,Research Director,No,0,18722,15k+,36,24,15,2,15.0,No,2,3,4,3,Travel_Rarely,Single,14,4,Medical,8,0,11,3,4,692,61,13339,3,5
RM271,374,55,46-55,Male,Research & Development,Manager,No,0,19045,15k+,37,36,10,4,13.0,Yes,1,4,3,3,Travel_Rarely,Single,1,3,Medical,0,0,14,3,3,452,81,18938,2,5
RM284,389,55,46-55,Male,Research & Development,Laboratory Technician,No,0,5415,5k-10k,12,10,7,0,8.0,Yes,4,2,3,3,Travel_Rarely,Married,20,2,Technical Degree,3,1,19,3,4,147,37,15972,4,2
RM380,505,55,46-55,Female,Research & Development,Manager,No,0,16659,15k+,30,5,4,1,2.0,Yes,4,3,3,3,Travel_Rarely,Single,2,3,Life Sciences,2,0,13,3,3,1311,97,23258,2,4
RM446,597,55,46-55,Female,Sales,Manager,No,0,16835,15k+,37,10,9,7,7.0,No,2,1,3,3,Travel_Rarely,Single,18,5,Life Sciences,3,0,23,4,4,1117,83,9873,2,4
RM569,787,55,46-55,Male,Research & Development,Manager,Yes,1,19859,15k+,24,5,2,1,4.0,Yes,1,4,3,3,Travel_Rarely,Married,2,3,Medical,5,1,13,3,4,725,78,21199,2,5
RM609,842,55,46-55,Male,Sales,Sales Executive,Yes,1,5160,5k-10k,12,9,7,7,3.0,No,4,3,3,2,Travel_Rarely,Single,2,1,Medical,4,0,16,3,3,436,37,21519,3,2
RM746,1034,55,46-55,Male,Research & Development,Healthcare Representative,No,0,6385,5k-10k,17,8,7,6,7.0,Yes,2,3,3,3,Travel_Frequently,Married,18,4,Medical,3,2,14,3,4,135,62,12992,3,2
RM775,1074,55,46-55,Male,Research & Development,Manager,No,0,16756,15k+,31,9,7,6,2.0,No,1,3,2,4,Non-Travel,Single,2,1,Medical,7,0,15,3,2,444,40,17323,3,4
RM788,1096,55,46-55,Male,Research & Development,Manufacturing Director,No,0,10976,10k-15k,23,3,2,1,2.0,No,2,4,3,3,Travel_Frequently,Married,2,1,Life Sciences,3,1,18,3,2,1091,65,15813,4,3
RM915,1278,55,46-55,Male,Research & Development,Healthcare Representative,No,0,13577,10k-15k,34,33,9,15,0.0,Yes,2,4,2,3,Non-Travel,Divorced,8,1,Medical,1,1,15,3,4,177,37,25592,3,4
RM956,1336,55,46-55,Female,Research & Development,Manager,No,0,19187,15k+,23,19,9,9,11.0,No,3,4,1,3,Travel_Rarely,Married,2,2,Medical,4,1,14,3,4,282,58,6992,5,5
RM976,1372,55,46-55,Male,Sales,Sales Executive,Yes,1,13695,10k-15k,24,19,7,3,8.0,Yes,3,1,4,2,Travel_Rarely,Single,13,4,Marketing,6,0,17,3,3,267,85,9277,2,4
RM1011,1424,55,46-55,Male,Research & Development,Research Director,No,0,14732,10k-15k,31,7,7,0,0.0,No,4,2,4,4,Travel_Rarely,Divorced,1,4,Medical,2,2,13,3,4,1136,81,12414,4,4
RM1066,1501,55,46-55,Male,Research & Development,Healthcare Representative,No,0,4035,Upto 5k,4,3,2,1,2.0,Yes,3,4,3,3,Travel_Rarely,Married,4,4,Life Sciences,0,0,16,3,2,1229,30,16143,2,2
RM1117,1578,55,46-55,Male,Sales,Manager,No,0,19586,15k+,36,36,6,2,13.0,No,4,3,2,3,Travel_Rarely,Married,26,5,Marketing,1,1,21,4,3,685,60,23037,3,5
RM1208,1694,55,46-55,Male,Research & Development,Research Scientist,No,0,3537,Upto 5k,8,4,2,1,2.0,No,2,1,2,3,Travel_Rarely,Divorced,22,3,Technical Degree,5,1,12,3,4,1441,94,23737,1,1
RM1265,1770,55,46-55,Male,Research & Development,Research Director,No,0,19038,15k+,34,1,0,0,0.0,No,1,3,2,3,Travel_Rarely,Married,2,3,Medical,8,3,12,3,2,478,60,19805,2,5
RM1337,1873,55,46-55,Male,Research & Development,Research Scientist,No,0,2662,Upto 5k,19,5,2,0,4.0,No,4,2,2,4,Travel_Rarely,Married,2,4,Technical Degree,8,1,20,4,2,836,98,7975,2,1
RM1402,1973,55,46-55,Male,Human Resources,Manager,No,0,19636,15k+,35,10,9,1,4.0,Yes,2,3,4,3,Travel_Rarely,Married,26,4,Human Resources,4,1,18,3,1,189,71,25811,0,5
RM086,112,56,55+,Male,Research & Development,Manufacturing Director,No,0,7260,5k-10k,37,6,4,0,2.0,No,4,4,1,2,Travel_Rarely,Single,7,3,Life Sciences,4,0,11,3,1,1400,49,21698,3,3
RM123,161,56,55+,Female,Research & Development,Research Scientist,Yes,1,4963,Upto 5k,7,5,4,4,3.0,Yes,2,2,3,3,Travel_Rarely,Married,14,4,Life Sciences,9,3,18,3,1,441,72,4510,2,1
RM176,241,56,55+,Female,Research & Development,Research Scientist,No,0,4257,Upto 5k,19,2,2,2,2.0,Yes,1,3,3,3,Travel_Rarely,Divorced,8,3,Life Sciences,4,1,18,3,3,713,67,13939,3,1
RM402,532,56,55+,Female,Sales,Sales Executive,No,0,13212,10k-15k,36,7,7,7,7.0,No,1,3,4,2,Travel_Frequently,Married,6,3,Life Sciences,9,3,11,3,4,906,86,18256,0,4
RM553,762,56,55+,Male,Research & Development,Healthcare Representative,No,0,11103,10k-15k,30,10,7,1,1.0,No,4,3,3,2,Travel_Rarely,Married,9,3,Medical,7,0,11,3,3,832,81,20420,1,4
RM773,1071,56,55+,Female,Research & Development,Research Scientist,No,0,2942,Upto 5k,18,5,4,0,3.0,No,3,1,3,3,Travel_Frequently,Married,9,3,Medical,2,1,19,3,2,1240,63,12154,4,1
RM852,1191,56,55+,Female,Research & Development,Manager,No,0,19943,15k+,28,5,2,4,2.0,No,1,4,3,3,Travel_Rarely,Divorced,4,4,Technical Degree,4,1,13,3,4,718,92,18575,2,5
RM957,1338,56,55+,Male,Human Resources,Manager,No,0,19717,15k+,36,7,3,7,7.0,No,2,4,3,3,Travel_Rarely,Single,8,4,Life Sciences,6,0,14,3,1,206,99,4022,4,5
RM977,1373,56,55+,Male,Research & Development,Manufacturing Director,No,0,13402,10k-15k,33,19,16,15,9.0,Yes,2,4,3,3,Travel_Rarely,Married,23,3,Life Sciences,4,1,12,3,1,1369,68,18235,0,4
RM1024,1441,56,55+,Female,Research & Development,Research Scientist,No,0,2066,Upto 5k,5,3,2,1,0.0,No,1,1,3,4,Travel_Rarely,Married,1,2,Life Sciences,2,1,22,4,4,1255,90,10494,3,1
RM1355,1907,56,55+,Male,Research & Development,Laboratory Technician,Yes,1,2587,Upto 5k,5,4,2,1,0.0,No,4,1,3,3,Travel_Rarely,Single,24,2,Life Sciences,1,0,16,3,4,1162,97,10261,3,1
RM1372,1935,56,55+,Female,Sales,Sales Executive,No,0,5380,5k-10k,6,0,0,0,0.0,No,1,4,2,3,Travel_Rarely,Married,11,5,Marketing,4,1,16,3,3,1443,89,20328,3,2
RM1442,2026,56,55+,Male,Research & Development,Healthcare Representative,No,0,6306,5k-10k,13,13,12,1,9.0,No,3,3,3,2,Non-Travel,Divorced,1,4,Life Sciences,1,1,21,4,1,667,57,26236,2,2
RM1445,2032,56,55+,Male,Research & Development,Laboratory Technician,Yes,1,2339,Upto 5k,14,10,9,9,8.0,No,3,4,3,1,Travel_Rarely,Married,7,2,Technical Degree,8,1,11,3,4,310,72,3666,4,1
RM164,223,57,55+,Male,Research & Development,Healthcare Representative,No,0,9439,5k-10k,12,5,3,1,4.0,Yes,4,3,4,1,Travel_Rarely,Divorced,24,2,Life Sciences,3,1,16,3,2,334,83,23402,2,3
RM361,482,57,55+,Male,Research & Development,Healthcare Representative,No,0,6755,5k-10k,15,3,2,1,3.0,No,3,4,3,3,Travel_Rarely,Married,1,4,Medical,2,0,11,3,3,593,88,2967,2,2
RM425,568,57,55+,Male,Sales,Manager,No,0,14118,10k-15k,32,1,0,0,0.0,No,4,1,2,2,Travel_Rarely,Divorced,29,3,Marketing,3,1,12,3,3,210,56,22102,3,4
RM1054,1483,57,55+,Male,Research & Development,Research Scientist,No,0,4900,Upto 5k,13,12,9,2,8.0,No,3,2,4,2,Travel_Rarely,Married,1,2,Life Sciences,0,1,24,4,1,405,93,2721,2,2
RM099,131,58,55+,Male,Sales,Sales Executive,No,0,13872,10k-15k,38,37,10,1,8.0,No,3,4,3,2,Travel_Rarely,Single,10,4,Medical,0,0,13,3,3,682,37,24409,1,4
RM127,165,58,55+,Female,Research & Development,Healthcare Representative,Yes,1,10312,10k-15k,40,40,10,15,6.0,No,4,4,3,2,Travel_Rarely,Married,23,4,Medical,1,1,12,3,4,147,94,3465,3,3
RM158,214,58,55+,Female,Research & Development,Research Scientist,No,0,3346,Upto 5k,9,1,0,0,0.0,Yes,2,2,2,2,Travel_Rarely,Married,9,3,Medical,4,1,20,4,2,1145,75,11873,3,1
RM309,422,58,55+,Male,Research & Development,Healthcare Representative,No,0,5660,5k-10k,12,5,3,1,2.0,Yes,3,4,1,3,Non-Travel,Divorced,1,4,Life Sciences,2,1,13,3,4,390,32,17056,2,2
RM596,825,58,55+,Male,Research & Development,Research Director,Yes,1,19246,15k+,40,31,15,13,8.0,Yes,2,4,3,3,Travel_Rarely,Single,2,4,Life Sciences,7,0,12,3,4,286,31,25761,2,5
RM661,918,58,55+,Male,Research & Development,Laboratory Technician,Yes,1,2380,Upto 5k,3,1,0,0,0.0,Yes,4,4,2,2,Travel_Frequently,Divorced,2,1,Life Sciences,9,1,14,3,4,781,57,13384,3,1
RM675,940,58,55+,Female,Research & Development,Healthcare Representative,No,0,10552,10k-15k,24,6,0,0,4.0,Yes,2,3,2,3,Travel_Rarely,Divorced,5,3,Technical Degree,2,1,13,3,4,1272,37,9255,3,3
RM701,977,58,55+,Male,Research & Development,Research Scientist,Yes,1,2479,Upto 5k,7,1,0,0,0.0,No,3,4,3,3,Travel_Rarely,Single,2,3,Technical Degree,4,0,24,4,1,289,51,26227,4,1
RM939,1308,58,55+,Male,Research & Development,Research Scientist,No,0,2372,Upto 5k,2,2,2,2,2.0,No,3,1,3,3,Travel_Rarely,Divorced,23,4,Life Sciences,1,2,12,3,4,848,88,26076,3,1
RM967,1360,58,55+,Female,Research & Development,Manufacturing Director,Yes,1,10008,10k-15k,31,10,9,5,9.0,Yes,1,3,2,2,Travel_Rarely,Married,7,4,Medical,7,0,14,3,4,601,53,12023,0,3
RM1010,1423,58,55+,Female,Research & Development,Research Director,No,0,19701,15k+,32,9,8,1,5.0,Yes,1,4,3,3,Travel_Rarely,Married,1,3,Medical,3,1,21,4,3,1055,76,22456,3,5
RM1302,1824,58,55+,Male,Sales,Manager,No,0,16291,15k+,37,16,9,14,14.0,No,2,2,3,2,Non-Travel,Divorced,2,3,Medical,4,1,22,4,4,350,52,22577,0,4
RM1311,1837,58,55+,Male,Research & Development,Research Director,No,0,15787,15k+,23,2,2,2,2.0,Yes,3,1,3,3,Travel_Frequently,Married,15,4,Life Sciences,2,0,14,3,2,1216,87,21624,3,4
RM1375,1938,58,55+,Female,Sales,Manager,No,0,17875,15k+,29,1,0,0,0.0,Yes,4,4,3,2,Travel_Rarely,Married,21,3,Life Sciences,4,1,13,3,3,605,72,11761,2,4
RM007,10,59,55+,Female,Research & Development,Laboratory Technician,No,0,2670,Upto 5k,12,1,0,0,3.0,Yes,1,3,4,2,Travel_Rarely,Married,3,3,Medical,4,3,20,4,1,1324,81,9964,3,1
RM064,81,59,55+,Female,Sales,Sales Executive,No,0,7637,5k-10k,28,21,16,7,9.0,No,1,1,3,2,Travel_Rarely,Single,25,3,Life Sciences,7,0,11,3,4,1435,99,2354,3,3
RM071,91,59,55+,Female,Sales,Sales Executive,No,0,5473,5k-10k,20,4,3,1,3.0,No,3,1,2,2,Travel_Frequently,Single,1,1,Life Sciences,7,0,11,3,4,1225,57,24668,2,2
RM106,140,59,55+,Female,Human Resources,Manager,No,0,18844,15k+,30,3,2,2,2.0,No,4,3,2,3,Non-Travel,Married,2,4,Human Resources,9,1,21,4,4,1420,32,21922,3,5
RM226,309,59,55+,Male,Research & Development,Research Scientist,No,0,2177,Upto 5k,7,1,0,0,0.0,No,4,3,2,3,Travel_Rarely,Married,3,3,Life Sciences,3,1,17,3,1,142,70,8456,6,1
RM233,321,59,55+,Male,Human Resources,Human Resources,No,0,2267,Upto 5k,7,2,2,2,2.0,No,3,2,3,2,Travel_Rarely,Married,6,2,Medical,8,0,17,3,4,818,52,25657,2,1
RM744,1032,59,55+,Female,Research & Development,Manufacturing Director,No,0,13726,10k-15k,30,5,3,4,3.0,Yes,4,3,2,3,Travel_Rarely,Single,2,3,Life Sciences,3,0,13,3,1,715,69,21829,4,4
RM759,1048,59,55+,Male,Sales,Manager,No,0,11904,10k-15k,14,6,4,0,4.0,Yes,4,2,3,1,Travel_Rarely,Married,1,2,Technical Degree,3,1,14,3,3,1089,66,11038,1,3
RM898,1254,59,55+,Female,Sales,Sales Executive,No,0,5171,5k-10k,13,6,1,0,5.0,No,4,3,2,3,Travel_Rarely,Single,3,3,Life Sciences,5,0,17,3,4,326,48,16490,2,2
RM920,1283,59,55+,Male,Research & Development,Manufacturing Director,No,0,10512,10k-15k,25,9,7,5,4.0,No,4,4,3,2,Travel_Rarely,Single,18,4,Medical,6,0,12,3,4,1429,67,20002,6,3
RM412,549,60,55+,Female,Research & Development,Manager,No,0,19566,15k+,33,29,8,11,10.0,No,1,1,3,1,Travel_Rarely,Married,7,3,Life Sciences,5,0,11,3,4,422,41,3854,5,5
RM428,573,60,55+,Female,Sales,Sales Executive,No,0,10266,10k-15k,22,18,13,13,11.0,No,1,3,2,4,Travel_Frequently,Married,28,3,Marketing,4,0,19,3,4,1499,80,2845,5,3
RM537,732,60,55+,Male,Sales,Sales Executive,No,0,5405,5k-10k,10,2,2,2,2.0,No,1,1,3,3,Travel_Rarely,Single,16,4,Marketing,8,0,14,3,4,1179,84,11924,1,2
RM880,1233,60,55+,Male,Sales,Sales Executive,No,0,5220,5k-10k,12,11,7,1,9.0,Yes,4,2,4,3,Travel_Rarely,Divorced,7,4,Marketing,0,1,18,3,2,696,52,10893,3,2
RM1210,1697,60,55+,Male,Research & Development,Healthcare Representative,No,0,10883,10k-15k,19,1,0,0,0.0,No,4,3,1,4,Travel_Rarely,Divorced,1,4,Medical,3,1,20,4,3,370,92,20467,2,3
